"n","simulation_run","seed","stringy_diameter","stringy_num_edges","stringy_num_vertices","penrose_diameter","penrose_num_edges","penrose_num_vertices","total_mst_length","stringy05"
550,1,404,3.7082266989677,126,127,0.0718469548176012,1,2,15.6575661291042,0.236832893975447
550,2,405,4.06879772082424,139,140,0.0704657092569153,1,2,15.0302052853726,0.270708060440399
550,3,406,4.21256341339681,135,136,0.070545193764836,1,2,15.5481943085569,0.270935861090856
550,4,407,3.75867491286533,132,133,0.0914777916405744,1,2,15.3547129440044,0.244789656867731
550,5,408,3.03695404861005,102,103,0.0772624333694494,1,2,15.5226698520212,0.195646372535238
550,6,409,4.21773840703932,145,146,0.071536983188579,1,2,15.9027171640419,0.265221242604765
550,7,410,3.34864348935985,122,123,0.0805775124288112,1,2,15.6488936769533,0.213985956993978
550,8,411,4.17962609610133,149,150,0.0656313866317413,1,2,15.4471852897286,0.270575254825261
550,9,412,4.77247175550714,162,163,0.0773537700931467,1,2,15.2476351343677,0.31299750508524
550,10,413,3.86659207419793,126,127,0.0742720780276137,1,2,15.7813000921505,0.245010997295537
550,11,414,3.82151017168192,134,135,0.0680552350606186,1,2,15.4723339598071,0.24698989703875
550,12,415,3.19819895863495,102,103,0.082319606357046,1,2,15.7281920431569,0.203341804948677
550,13,416,3.82248290421881,134,135,0.0669349416519332,1,2,15.7183502641231,0.243186011253584
550,14,417,3.8551799340946,138,139,0.0707481615493065,1,2,15.5891391850839,0.247299089983323
550,15,418,4.45203424541148,156,157,0.0918899524146973,1,2,15.6321505506022,0.284799857255723
550,16,419,3.10747449946342,101,102,0.0820713459754823,1,2,15.6402224683414,0.198684801687028
550,17,420,2.75006307440448,91,92,0.0693718369603033,1,2,15.2886008375697,0.179876700531455
550,18,421,4.42177002970535,152,153,0.0627560590861943,1,2,15.3471169897437,0.288117307808389
550,19,422,3.11230833714226,96,97,0.0679055324621005,1,2,15.6522358308067,0.198841134952531
550,20,423,3.1355540855505,112,113,0.0732491658742931,1,2,15.4074367781123,0.203509132031933
550,21,424,3.66193597312552,118,119,0.0773270220614032,1,2,15.5285371392516,0.235819764623496
550,22,425,4.86400123881041,158,159,0.0712571575230707,1,2,15.6812995240491,0.310178453727697
550,23,426,4.25311832502755,154,155,0.0746176226463745,1,2,15.4841393869788,0.274675796874068
550,24,427,4.10290857142781,150,151,0.0779625600955319,1,2,15.7296411705839,0.260839298680297
550,25,428,4.31451151195989,142,143,0.0786495742053797,1,2,15.638851201432,0.275884171822341
550,26,429,4.37052922629374,156,157,0.0753266607848458,1,2,15.3805121887255,0.284160187428447
550,27,430,3.37015572150754,115,116,0.0683314742042904,1,2,15.2579533933843,0.220878622094154
550,28,431,3.23603503839027,101,102,0.0696804132209261,1,2,15.7584804444841,0.20535197221525
550,29,432,3.87511586102315,126,127,0.068975266180299,1,2,15.6094324820784,0.248254756569291
550,30,433,5.04688402188131,169,170,0.0723749522077386,1,2,15.8297661160307,0.318822399831313
550,31,434,2.58937628634789,87,88,0.0733585490254798,1,2,15.4273190260163,0.167843569059615
550,32,435,3.74531213735154,130,131,0.0665391628026726,1,2,15.6515864976304,0.239292811493491
550,33,436,4.1380837405279,139,140,0.0642013430288521,1,2,15.5419895060081,0.266251868136202
550,34,437,4.04404323753305,137,138,0.0678068098690045,1,2,15.8116120361978,0.255764132605515
550,35,438,3.92011390497588,128,129,0.0675367259067699,1,2,15.834952401182,0.247560826560064
550,36,439,3.18495734731764,107,108,0.0748257002375124,1,2,15.5016954132545,0.205458645806857
550,37,440,4.51651251057042,159,160,0.0789952748640279,1,2,15.3222421534398,0.29476838085061
550,38,441,3.75263455883568,127,128,0.0743321746071081,1,2,15.3863605350764,0.243893580309701
550,39,442,5.2998916700603,176,177,0.07347684237924,1,2,15.6632279228005,0.338365226898434
550,40,443,2.89991545029018,95,96,0.0682093345699733,1,2,15.6868631118956,0.184862673283043
550,41,444,3.7849973984393,130,131,0.0840620108606464,1,2,15.8544150576179,0.238734597566919
550,42,445,3.370792736543,116,117,0.0747515091537784,1,2,15.4798757905615,0.217753215991452
550,43,446,4.66118126236176,159,160,0.0838254942809973,1,2,15.3669646849472,0.30332478520808
550,44,447,3.32100999894207,111,112,0.0689755599189896,1,2,15.5678823681295,0.213324453539091
550,45,448,3.54883026903273,121,122,0.0831512426894695,1,2,15.6197041353912,0.227202144052893
550,46,449,3.10213769812722,104,105,0.0733758728113843,1,2,15.4075775001044,0.201338445197254
550,47,450,3.28013597223125,112,113,0.0632011616532758,1,2,15.51936750144,0.211357580901856
550,48,451,2.75299337500923,99,100,0.0642802273181789,1,2,15.7271568716881,0.175047111023936
550,49,452,4.20156937360429,148,149,0.0680562822664367,1,2,15.5601273913609,0.270021527968791
550,50,453,3.88094444662848,129,130,0.0782007258067192,1,2,15.1602423150869,0.255994882269547
550,51,454,4.94916133830571,171,172,0.0769538021389418,1,2,15.6159214081431,0.316930471725154
550,52,455,3.31524941263816,107,108,0.0651270048539314,1,2,15.5577111036105,0.213093647938274
550,53,456,2.92121759904528,104,105,0.0670116299070833,1,2,15.4168369145912,0.189482292329402
550,54,457,2.8782678592154,96,97,0.0957649284672744,1,2,15.5510369919817,0.185085268635106
550,55,458,4.52582904250783,155,156,0.0862919873475807,1,2,15.5271233849346,0.291478912758501
550,56,459,3.29130224164554,119,120,0.0736371341088317,1,2,15.5835496051342,0.21120362979184
550,57,460,3.70820656667978,123,124,0.0944862551466355,1,2,15.7620767222266,0.235261294055923
550,58,461,4.32992791018633,156,157,0.0898831261964793,1,2,15.2321286147422,0.284262824960372
550,59,462,4.28160093208901,148,149,0.0692921043145395,1,2,15.6437525578717,0.273693982070471
550,60,463,3.59273555592534,123,124,0.0924882824322137,1,2,15.7553817697236,0.228032275474869
550,61,464,3.60079322579133,133,134,0.0761124395274267,1,2,15.477613621051,0.232645245833887
550,62,465,3.87084792274331,139,140,0.0727177984123541,1,2,15.6698042281591,0.247025927470573
550,63,466,4.18985372685925,147,148,0.0626623636111039,1,2,15.5831971188739,0.268869969037652
550,64,467,3.19094685256107,108,109,0.0726489767162299,1,2,15.6970782456809,0.203282853192062
550,65,468,3.61139750565599,126,127,0.0669754066498312,1,2,15.4768098838513,0.233342499698479
550,66,469,3.60983401142802,127,128,0.0768199812751056,1,2,15.9001383865343,0.227031609642162
550,67,470,3.40990791761081,121,122,0.0659904306750115,1,2,15.5023622546009,0.219960536440102
550,68,471,3.29012291316695,108,109,0.0859689894159744,1,2,15.6746348356418,0.209901088456982
550,69,472,4.56949123143233,161,162,0.0813705115938848,1,2,15.3835436493816,0.297037622512679
550,70,473,3.46339201361244,112,113,0.0809317263328814,1,2,15.6823928821853,0.22084589001381
550,71,474,3.34958427299885,117,118,0.0658311901912626,1,2,15.1557420247922,0.221010905801873
550,72,475,4.36965322672007,148,149,0.0814012046236481,1,2,15.5980988106742,0.280140117058996
550,73,476,3.65689712194437,125,126,0.0999258400436579,1,2,15.7335515245852,0.232426678504857
550,74,477,3.47182853350611,118,119,0.0767265134402793,1,2,15.9888631367364,0.217140424795379
550,75,478,2.9069186793842,101,102,0.0954658437050264,1,2,15.6703017793582,0.185504958380148
550,76,479,3.09280836171916,107,108,0.0782353022006137,1,2,15.6213735433087,0.197985686287102
550,77,480,3.87437617682016,133,134,0.0671768482091299,1,2,15.4455644349862,0.250840698838055
550,78,481,3.80227715309057,122,123,0.0876429407508505,1,2,15.5877615027689,0.243927080383874
550,79,482,3.43687560101221,117,118,0.0620773877086889,1,2,15.6771242622024,0.219228701867123
550,80,483,4.14844559561999,138,139,0.0708028878796377,1,2,15.5822965947268,0.266228124359015
550,81,484,3.4339044873233,122,123,0.0789346799431521,1,2,15.2812823261502,0.22471311072154
550,82,485,3.65754281399315,119,120,0.0697503095557173,1,2,15.4510298907198,0.236718383166804
550,83,486,2.89101946959517,102,103,0.0769518521673696,1,2,15.1477835231248,0.190854290014226
550,84,487,3.84933207513503,130,131,0.0711603351834432,1,2,15.8532431678997,0.242810384876283
550,85,488,3.86324831682608,126,127,0.069739683023324,1,2,15.6368286004043,0.247060859689041
550,86,489,4.9069112692188,176,177,0.0756024748370854,1,2,15.2338525043255,0.322105735750398
550,87,490,4.10535370310995,148,149,0.0854665322480845,1,2,15.3505518287939,0.267440138237201
550,88,491,4.32483472208032,151,152,0.0643949311460482,1,2,15.4070287926861,0.280705305369025
550,89,492,3.35296622699893,126,127,0.0795867378085628,1,2,15.2974007406998,0.219185355985225
550,90,493,4.05522600591394,137,138,0.0794936469701415,1,2,15.8216675562581,0.256308381622514
550,91,494,5.31351754005142,175,176,0.063596974506448,1,2,15.7588713727258,0.337176274517198
550,92,495,4.37525067326192,145,146,0.0842504800518199,1,2,15.5435357659288,0.281483617315206
550,93,496,4.80810609862,167,168,0.0714409071830677,1,2,15.286549555629,0.314531809884428
550,94,497,5.10103395196987,178,179,0.0646996347269955,1,2,15.8256022353202,0.322327951639349
550,95,498,4.47590840271302,155,156,0.0658077726803954,1,2,15.8298991556465,0.282750278994447
550,96,499,3.74026680643233,131,132,0.0750372673277451,1,2,15.5304722556329,0.240834067687526
550,97,500,3.61003238653584,125,126,0.0737862497542523,1,2,15.6732762384171,0.230330425599672
550,98,501,4.2485993661873,142,143,0.0757609529256837,1,2,15.3234574991366,0.277261144648765
550,99,502,3.62567036486167,121,122,0.0680622175209143,1,2,15.9107845879317,0.227875020544979
550,100,503,3.58124137941635,126,127,0.070024555331961,1,2,15.5444380603279,0.230387317027323
600,1,504,3.71489513227127,136,137,0.0926641332709295,1,2,16.0848174805417,0.230956623335347
600,2,505,3.4318438958414,128,129,0.0703052123019843,1,2,16.3709166940599,0.209630527109495
600,3,506,3.3319269028132,124,125,0.0689625849679662,1,2,16.1108364470604,0.206812781804457
600,4,507,4.09701142984101,146,147,0.0660808563710972,1,2,16.1582194411895,0.253555872585637
600,5,508,3.81625426170507,138,139,0.0730343957790595,1,2,16.2158168791455,0.235341474940618
600,6,509,4.22986418707835,161,162,0.070134894912135,1,2,16.3276330229422,0.25906168892545
600,7,510,3.39953596749175,129,130,0.0675524728090857,1,2,16.3122936044373,0.208403309180691
600,8,511,2.90313928235084,106,107,0.083012809142697,1,2,16.1421668726456,0.179848176843623
600,9,512,3.95312869987528,142,143,0.0627586195611774,1,2,16.3798794188927,0.241340525090539
600,10,513,2.56574980709459,95,96,0.0811519535622399,1,2,16.4994323581085,0.155505338087202
600,11,514,4.3201000184641,147,148,0.0752565365188803,1,2,16.3633644533122,0.264010499233833
600,12,515,4.41365949631333,157,158,0.0700396504656145,1,2,16.1739326625148,0.272887218489698
600,13,516,3.011877593563,106,107,0.0658626063033452,1,2,16.2366515436747,0.185498690137027
600,14,517,4.27524966670892,155,156,0.102757492051184,1,2,16.2214361010206,0.263555559451356
600,15,518,4.23163785116082,152,153,0.06388054117147,1,2,16.1009914425011,0.26281846470589
600,16,519,3.25313277980001,129,130,0.0601262814970158,1,2,16.2300352580722,0.200439045761286
600,17,520,3.96022065139001,143,144,0.0667380333990515,1,2,16.5956239081024,0.238630416868903
600,18,521,3.09676814529155,105,106,0.0735748157176761,1,2,16.3351430759134,0.189577044467875
600,19,522,4.09204757632626,143,144,0.0706928868631591,1,2,16.4205469320755,0.24920287937139
600,20,523,3.28412138486983,117,118,0.0660602780699573,1,2,16.4353420405483,0.199820689874749
600,21,524,4.37495902336219,158,159,0.0628963136900655,1,2,16.3696005209133,0.267261196617039
600,22,525,4.01541258471333,144,145,0.0712711642585324,1,2,16.073874045987,0.24980988237343
600,23,526,3.6088912259159,133,134,0.0664148691216881,1,2,16.0783315602522,0.224456823296116
600,24,527,3.68486644923676,136,137,0.066955286087542,1,2,16.6024113974229,0.221947665374003
600,25,528,4.72068214246222,166,167,0.073417239132733,1,2,16.4324000301241,0.28727892053554
600,26,529,3.56885666527452,131,132,0.0585675121520381,1,2,15.9654669367307,0.223536003013096
600,27,530,3.96000730854188,144,145,0.0667756105459954,1,2,15.841501921298,0.249976759035573
600,28,531,3.18023913436444,118,119,0.085606990948993,1,2,16.1272383421217,0.197196759104018
600,29,532,3.63124870080476,125,126,0.0938362690667606,1,2,16.3357666933579,0.222288232255497
600,30,533,3.28760928353946,132,133,0.0641131124442152,1,2,16.2305087432934,0.202557377315601
600,31,534,3.20197162086902,118,119,0.0721201053534859,1,2,16.0547484716597,0.199440783922665
600,32,535,4.72018178170874,160,161,0.0783464357640726,1,2,16.5442621774043,0.285306273020471
600,33,536,3.81848812136991,133,134,0.0637207302894179,1,2,16.445035405562,0.232197014308552
600,34,537,4.37874252496244,156,157,0.0779005161351252,1,2,16.1281607088187,0.271496707158194
600,35,538,3.38892471662517,122,123,0.0631930230374347,1,2,16.5182170206467,0.205162864272168
600,36,539,3.73671005546388,140,141,0.0798879508093833,1,2,16.2868318610851,0.229431364389054
600,37,540,3.50198785819258,123,124,0.0692225458961361,1,2,16.3241919390664,0.21452748603205
600,38,541,4.55894664798911,163,164,0.077309670069236,1,2,16.5702374694574,0.275128624824615
600,39,542,3.87661527835158,138,139,0.0674010976448797,1,2,16.2913514484704,0.237955413988417
600,40,543,4.16909869361565,147,148,0.0881700284958918,1,2,16.0886026520247,0.259133672686669
600,41,544,3.68149156133737,142,143,0.0634320938290609,1,2,16.0486236277905,0.229396093192836
600,42,545,4.48242591060262,162,163,0.0769339749511279,1,2,16.3461287936361,0.274219417159353
600,43,546,3.79280102965892,135,136,0.0657107677530052,1,2,16.2860726269162,0.232886167005697
600,44,547,3.15205502222306,106,107,0.0810696652839172,1,2,16.6455134683545,0.189363640131352
600,45,548,3.36259510925952,128,129,0.100500456925685,1,2,16.2697001622407,0.206678369959365
600,46,549,3.03749195720769,108,109,0.0730495590436641,1,2,16.2907879146281,0.186454576238158
600,47,550,3.78202506206224,134,135,0.0689528709907228,1,2,16.1056109705113,0.234826550137525
600,48,551,4.53348441070921,166,167,0.076590729011202,1,2,16.3620681827116,0.277072822340353
600,49,552,3.67713870850112,132,133,0.074613628299772,1,2,16.3834327822674,0.224442505875879
600,50,553,4.73829285470152,170,171,0.0804927333702335,1,2,16.2303441127903,0.291940381656327
600,51,554,3.85428805744258,141,142,0.0682418799956565,1,2,16.1446468603387,0.238734739185352
600,52,555,3.8005909272593,136,137,0.0667447749043634,1,2,16.3379756095636,0.232623124068969
600,53,556,4.29063706106188,159,160,0.0663344243692132,1,2,16.0267174143744,0.267717770902581
600,54,557,3.8310385253981,145,146,0.0681838226582562,1,2,16.005476379081,0.239357981897073
600,55,558,3.46343652504082,139,140,0.0764238674751925,1,2,16.5874665187084,0.208798403368865
600,56,559,3.8677697050541,138,139,0.076950623902638,1,2,16.2805413917552,0.23757009131237
600,57,560,3.46323947571418,131,132,0.076124804185695,1,2,15.9331294439416,0.217360907529126
600,58,561,3.44815226047295,125,126,0.0801594710060155,1,2,16.2762937051158,0.211851194316379
600,59,562,3.66626976001631,130,131,0.0614759401296285,1,2,16.2420982333612,0.225726362896008
600,60,563,3.85691846215018,146,147,0.0730144999728854,1,2,15.860960543686,0.243170547680705
600,61,564,3.20395722795244,114,115,0.0841043172718766,1,2,15.9578585655323,0.200776138903294
600,62,565,3.03875327642409,105,106,0.0717121278293424,1,2,16.54309584292,0.183687098550215
600,63,566,3.59818711604638,132,133,0.0806692749226079,1,2,16.1984403800004,0.222131701054931
600,64,567,4.1930962531036,136,137,0.0816782564062188,1,2,16.1301375363322,0.259954153748465
600,65,568,3.59790536684952,121,122,0.0694410491018986,1,2,16.6560791003799,0.216011544203548
600,66,569,4.39256926065801,155,156,0.0622733216314121,1,2,16.7565272583731,0.262140788059952
600,67,570,3.31740962129586,120,121,0.0684417066141422,1,2,16.5828260492782,0.200050920840496
600,68,571,4.17681481492916,138,139,0.0749409150692335,1,2,16.4878247538184,0.253327220375862
600,69,572,3.5869736628696,129,130,0.064700698358197,1,2,16.3223086976381,0.219758964820256
600,70,573,4.06105976482247,143,144,0.0796558465369543,1,2,16.2034251396077,0.250629711300705
600,71,574,3.31206719383496,119,120,0.0767023298665048,1,2,16.1012913717262,0.205701960008682
600,72,575,3.44351754134711,115,116,0.0620886542166451,1,2,16.416025268145,0.20976560922023
600,73,576,3.97415939743619,144,145,0.0640422252026863,1,2,16.109220149738,0.246700917890233
600,74,577,3.56774730257483,131,132,0.0785268032150019,1,2,16.3283951269067,0.218499569299112
600,75,578,3.89291025570611,141,142,0.0751794544305854,1,2,16.2060040269288,0.24021407431699
600,76,579,2.83244609661872,109,110,0.0909765912451737,1,2,16.0592534441366,0.176374705491237
600,77,580,3.23114398994246,113,114,0.090418258300908,1,2,16.2255237586112,0.199139580207857
600,78,581,3.57617327376357,126,127,0.073195454026453,1,2,16.5285208194045,0.216363781903891
600,79,582,4.42496513606997,162,163,0.0666457406413422,1,2,16.1976609296209,0.27318544049641
600,80,583,3.09188279839725,113,114,0.0687279652576313,1,2,16.0654324926596,0.192455621708906
600,81,584,3.52351339645632,129,130,0.0650413974853816,1,2,16.1138148147929,0.218664136143704
600,82,585,4.4848514757138,171,172,0.0851218224396021,1,2,16.1887792842135,0.277034568016329
600,83,586,3.33068194136508,126,127,0.0950088749446115,1,2,16.2125549185763,0.205438436945482
600,84,587,4.13679032613122,154,155,0.0737861181753775,1,2,16.2021552106936,0.255323459893835
600,85,588,3.37213057228694,122,123,0.0684001185012746,1,2,16.1871272518523,0.208321743557127
600,86,589,3.3639546356768,127,128,0.068964107925011,1,2,16.2698532455177,0.206759986394073
600,87,590,4.20090231331802,148,149,0.0686271616581808,1,2,16.6055648390778,0.252981597074738
600,88,591,4.21966059391027,157,158,0.0749230678188053,1,2,15.9203444397102,0.265048322910976
600,89,592,4.39361185592175,161,162,0.0651736181389345,1,2,16.3061609651456,0.26944489664447
600,90,593,3.99339151079245,143,144,0.0718632363679305,1,2,15.8964755269657,0.251212383777671
600,91,594,4.00474589880359,142,143,0.0639045966583126,1,2,16.6218808727865,0.240932174249919
600,92,595,4.62117037750533,166,167,0.0768969349451311,1,2,16.1743866585544,0.285709157018407
600,93,596,4.08075425768969,144,145,0.0716704960705832,1,2,16.7719820149836,0.243307812639202
600,94,597,3.52463568068348,128,129,0.0767461602680437,1,2,16.0005891872783,0.220281618347268
600,95,598,5.29388783801894,195,196,0.0764414719111428,1,2,16.3940749979971,0.322914701723989
600,96,599,3.71661030135016,130,131,0.0916025952075837,1,2,16.2152196311452,0.229205054627291
600,97,600,3.33034983011868,118,119,0.0691356801394647,1,2,16.2692616651345,0.204701964887301
600,98,601,3.30157467654272,130,131,0.0818174516896325,1,2,16.3068493138099,0.202465516974312
600,99,602,3.66632705140838,145,146,0.065563129488237,1,2,16.3478973521432,0.224269028146775
600,100,603,4.39291314965695,166,167,0.0648256143180374,1,2,16.2084715479839,0.271025749507106
650,1,604,3.71072243299292,142,143,0.073147955701622,1,2,16.5901318367776,0.223670460819778
650,2,605,3.50488835003558,137,138,0.0601077704420317,1,2,17.0119001820051,0.206025682759589
650,3,606,3.68051268346013,141,142,0.0669193803924093,1,2,16.9931341456801,0.216588220389926
650,4,607,4.34491278371742,163,164,0.0710442635684,1,2,17.3577872723749,0.250314899908492
650,5,608,5.07471562006607,183,184,0.0590210008773758,1,2,17.0217800991237,0.298130723726559
650,6,609,3.76116351486429,141,142,0.0850456310875332,1,2,16.7024964738782,0.225185709258885
650,7,610,3.93498149403229,152,153,0.0854066580872018,1,2,16.8128566707201,0.234045978687555
650,8,611,3.4580871655404,132,133,0.0679808079794001,1,2,16.7366926357446,0.206617116105421
650,9,612,3.39096134589799,125,126,0.0609767153595053,1,2,16.5023872415187,0.205483079282408
650,10,613,2.89853394742323,106,107,0.0779966705314529,1,2,17.0842100755177,0.169661572563834
650,11,614,3.54467538999025,136,137,0.0620354016045656,1,2,16.6110080272552,0.213393153755279
650,12,615,3.92161407699586,157,158,0.0605238852331269,1,2,16.4649441544813,0.238179616049806
650,13,616,4.60740181073165,173,174,0.0679475759896822,1,2,16.9332689306854,0.272091692962037
650,14,617,3.9678516290174,147,148,0.0922409502002685,1,2,16.8167480750819,0.235946427412844
650,15,618,3.72490018150246,146,147,0.0647790153201769,1,2,17.1145703419935,0.21764497191979
650,16,619,3.22029244546794,121,122,0.0664473450148552,1,2,17.0042530532485,0.189381587970001
650,17,620,2.88559659341151,110,111,0.0840130365886358,1,2,16.9418602163433,0.170323480217825
650,18,621,4.1995250681902,160,161,0.0831742107152455,1,2,16.946413652614,0.2478120240823
650,19,622,3.51072517434749,140,141,0.0658209535324035,1,2,17.0758195471138,0.205596291566625
650,20,623,4.92633315652229,187,188,0.0655091444196282,1,2,16.7603395734282,0.293928003960761
650,21,624,4.15394263800059,161,162,0.0730626545540867,1,2,16.674041168268,0.249126327330046
650,22,625,3.44651027633905,134,135,0.0826923312384032,1,2,17.1768796943246,0.200648216537128
650,23,626,4.67317045720183,170,171,0.0655058492740237,1,2,17.1225563766714,0.272924810664883
650,24,627,3.7905156644087,150,151,0.0829518373640444,1,2,16.9826334098738,0.223199522295811
650,25,628,3.65055031570047,135,136,0.0734311129116997,1,2,17.021127992385,0.214471703481325
650,26,629,4.63822243715633,186,187,0.0710763132243103,1,2,16.9085374424088,0.274312456234273
650,27,630,3.66181648915634,143,144,0.0606653116729768,1,2,16.8671950424681,0.217096943501076
650,28,631,4.02167019595291,147,148,0.0648147856919096,1,2,16.9729099327116,0.236946417078548
650,29,632,3.72152926735041,129,130,0.0732003134393556,1,2,16.8912635415596,0.220322728266828
650,30,633,3.93484133198554,150,151,0.0686175854771875,1,2,17.3130949808566,0.227275443029474
650,31,634,4.6297959821453,165,166,0.076488032236155,1,2,16.9610240832093,0.272966771312388
650,32,635,3.41480250815345,124,125,0.067986108985589,1,2,16.8947320210865,0.202122324514611
650,33,636,3.46029087279874,135,136,0.066818827653339,1,2,16.7802316530764,0.206212342257167
650,34,637,4.0627319677086,158,159,0.0629323764820515,1,2,17.0246952856809,0.23863757321552
650,35,638,3.53766024021865,132,133,0.0637679065779366,1,2,16.8863558278503,0.209498146094024
650,36,639,3.67482551466148,137,138,0.0635784505262426,1,2,16.8298420224883,0.218351753376599
650,37,640,3.77998537716897,143,144,0.07992996212256,1,2,16.803070308639,0.224958017061058
650,38,641,3.66586314313436,141,142,0.0673869970088478,1,2,16.4082724378692,0.223415545848312
650,39,642,2.997626570064,113,114,0.0690300046563442,1,2,16.9081768639086,0.177288574291093
650,40,643,4.28442363247503,161,162,0.0742649975568423,1,2,16.8989366589293,0.253532143409222
650,41,644,3.89321019530582,149,150,0.0786786943421025,1,2,16.8524488944541,0.231017475245809
650,42,645,3.03881305359283,116,117,0.072263470639804,1,2,16.7130175420148,0.181823123559439
650,43,646,3.37486508138296,121,122,0.0565868753794905,1,2,17.0849524457843,0.197534356158872
650,44,647,4.23910577408337,163,164,0.0614503680987551,1,2,16.9209960897118,0.2505234178655
650,45,648,2.84443461838032,109,110,0.0682410036883181,1,2,16.9743328075053,0.167572690522636
650,46,649,3.9177045052257,147,148,0.0614414741193026,1,2,16.8389332713375,0.232657523021024
650,47,650,4.00228748348083,143,144,0.0765667868857202,1,2,17.0839367512229,0.234271967975668
650,48,651,3.47041988581226,135,136,0.0731078269179836,1,2,16.6789544730572,0.208071788397665
650,49,652,5.03565403770079,190,191,0.0653271751455474,1,2,16.9946673502682,0.29630789081737
650,50,653,3.76505045232236,132,133,0.0672940985107588,1,2,17.1889018392379,0.219039615650588
650,51,654,3.13990913085854,114,115,0.0801309725825423,1,2,16.6752588621111,0.188297474529342
650,52,655,3.45764510672671,131,132,0.0654606414702279,1,2,16.7981103465377,0.205835360966026
650,53,656,3.16333487763846,118,119,0.0660436436013037,1,2,16.6977628657448,0.189446628453922
650,54,657,3.65658787746555,148,149,0.0650145388264883,1,2,16.8450455712169,0.217072008621548
650,55,658,4.46536180630295,167,168,0.0565754601008263,1,2,16.9019369044656,0.264192313078814
650,56,659,3.16336659046807,125,126,0.0653480007220318,1,2,16.9515732098382,0.186611977030672
650,57,660,4.22932094982725,164,165,0.0713306246569896,1,2,16.6636999552049,0.253804434861192
650,58,661,3.23227517268148,127,128,0.0657563878129376,1,2,16.8553501302031,0.191765531283125
650,59,662,2.92303055895843,110,111,0.0636004236578049,1,2,16.7128494367421,0.174897199308954
650,60,663,4.30561944966403,153,154,0.0664551848808734,1,2,17.3419169492701,0.248278172606821
650,61,664,3.58687765001327,136,137,0.0690729886174315,1,2,16.67640377088,0.215086999529036
650,62,665,3.33708353084317,127,128,0.084260814887241,1,2,16.735007417558,0.199407352956532
650,63,666,4.24717652248683,160,161,0.0640333071622101,1,2,16.5703215295679,0.256312257725852
650,64,667,3.5378842201183,134,135,0.0636931428598602,1,2,16.8968214507791,0.209381642010259
650,65,668,3.82737099505369,156,157,0.0602704668436306,1,2,16.9062531644901,0.226387890788995
650,66,669,4.3990971367492,160,161,0.0672157968596937,1,2,17.2439381172695,0.255109772885555
650,67,670,4.48989193823388,176,177,0.0584101275104498,1,2,16.5422480995899,0.27141969526773
650,68,671,3.60421970086467,135,136,0.0937566205866455,1,2,16.7214538070508,0.21554463759275
650,69,672,4.20751744789423,157,158,0.0732785367655414,1,2,17.0344690427249,0.247000211004005
650,70,673,2.70656616885957,97,98,0.0637875367470832,1,2,17.210497071547,0.157262521681268
650,71,674,2.95754034597118,114,115,0.086600884506896,1,2,16.8976886920704,0.175026324597817
650,72,675,4.30693930126927,163,164,0.0744109988250396,1,2,16.939118601745,0.254259941295032
650,73,676,4.46698862767223,174,175,0.0705179154627159,1,2,16.8490546239503,0.265118057206757
650,74,677,3.74622894196006,149,150,0.0632255306951134,1,2,16.9329005139597,0.221239647564906
650,75,678,4.50207275776964,170,171,0.074058418592318,1,2,16.7286929042437,0.269122804963893
650,76,679,4.22632769181659,161,162,0.0627035714965526,1,2,17.0149034232496,0.24838975495104
650,77,680,3.28170059493585,125,126,0.0668946265320159,1,2,17.1224860904269,0.191660286806752
650,78,681,4.63482452790462,168,169,0.0616762755450592,1,2,16.8421827674173,0.27519143996413
650,79,682,3.81946689532682,137,138,0.0594328658782028,1,2,16.9462544107679,0.225387085709033
650,80,683,3.86269735667709,149,150,0.0645942649964279,1,2,16.741808888896,0.230721625262311
650,81,684,4.14714864852154,161,162,0.0862428136080421,1,2,17.0443492830209,0.243315164437096
650,82,685,3.51871992358857,132,133,0.065619639344153,1,2,16.5882981319314,0.212120610300297
650,83,686,2.72995747272909,101,102,0.0763275573421833,1,2,16.7771863181219,0.16271843329178
650,84,687,3.29248023667256,130,131,0.0724686964547103,1,2,16.6682373117356,0.197530199210352
650,85,688,3.53369319669796,126,127,0.0629915071489682,1,2,16.6943624748939,0.211669849747911
650,86,689,4.56689662975581,167,168,0.0671903903182494,1,2,17.0336873918844,0.2681096890349
650,87,690,4.65729713829804,180,181,0.0590329963455624,1,2,16.7017531857816,0.278850794074891
650,88,691,3.82245211746213,142,143,0.0688064954055862,1,2,16.9335970816545,0.225731845338596
650,89,692,4.21354110307283,153,154,0.061798175870935,1,2,17.2931880234437,0.243653229084233
650,90,693,3.44063912199811,131,132,0.0668289357073692,1,2,16.793185672101,0.204883051326833
650,91,694,2.98101619788293,114,115,0.0613967129831277,1,2,16.9302705061098,0.176076111530949
650,92,695,3.73457098692476,145,146,0.0616741093911588,1,2,16.6273446533929,0.224604172510654
650,93,696,3.75697782265985,148,149,0.079396687437961,1,2,16.7046927531936,0.224905532724724
650,94,697,4.36175114899289,158,159,0.0863872597455141,1,2,17.0034745575703,0.256521167731035
650,95,698,3.683740556024,132,133,0.0734976514858952,1,2,16.8681045754778,0.218384972629307
650,96,699,4.06781025188857,145,146,0.0711631297649105,1,2,16.7585288651246,0.242730748302967
650,97,700,4.25996974558451,161,162,0.0642275300591567,1,2,16.7621422410953,0.254142321686093
650,98,701,3.41436744716569,140,141,0.0674203508404475,1,2,16.8936216294273,0.202109856729486
650,99,702,2.9455532065032,111,112,0.0688741543020051,1,2,16.9539724075057,0.173738232887483
650,100,703,3.23380792073221,121,122,0.0798566582498143,1,2,16.8727242273727,0.191658909204833
700,1,704,3.82952247849616,162,163,0.0646260763344052,1,2,17.3421087037954,0.220822193189116
700,2,705,4.08437471333825,160,161,0.0744990806581913,1,2,17.569928009534,0.232463941293438
700,3,706,3.93083056034739,160,161,0.0635179816788645,1,2,17.4913380221451,0.224730123868781
700,4,707,3.84373380777635,148,149,0.06736916558184,1,2,17.3856572236727,0.221086482859137
700,5,708,3.11067873756538,124,125,0.0661437630184867,1,2,17.5834701267996,0.176909262798148
700,6,709,3.86172699458002,149,150,0.0640788725135827,1,2,17.5188384751597,0.220432821505583
700,7,710,4.168423901106,169,170,0.0746735722603575,1,2,17.2091461171346,0.242221425324272
700,8,711,3.34053921892451,141,142,0.07231686678049,1,2,17.6178812619903,0.189610723857673
700,9,712,4.3488309111871,162,163,0.058282677698329,1,2,17.4359643474429,0.249417286278455
700,10,713,3.82046251650893,160,161,0.0603522254109507,1,2,17.1099745282678,0.223288615082218
700,11,714,3.05555348207037,119,120,0.0645205594848193,1,2,17.6168180804527,0.173445253740842
700,12,715,4.33320993431954,173,174,0.0628111375560223,1,2,17.7254747308287,0.244462278168668
700,13,716,3.55739543414765,130,131,0.0687386427179764,1,2,17.2088407660529,0.206719062748558
700,14,717,3.88835377914439,148,149,0.0589587140766412,1,2,17.6899093469367,0.219806314599216
700,15,718,3.40356461500603,137,138,0.0645604663861502,1,2,17.5321340897318,0.194132933137867
700,16,719,4.04418256613963,158,159,0.061986447799954,1,2,17.1179896477144,0.236253359732556
700,17,720,5.68749711539989,220,221,0.0645460102032875,1,2,17.5452659139101,0.324161351746215
700,18,721,3.27362319308182,132,133,0.0670802472158433,1,2,17.3498839789907,0.18868271378909
700,19,722,4.09989835976147,157,158,0.0649403282368236,1,2,17.6050695918387,0.232881690036721
700,20,723,4.50400296220022,169,170,0.0606624841098928,1,2,17.6696980451006,0.254899826284755
700,21,724,2.89211283518881,119,120,0.0578465175376747,1,2,17.5281948936895,0.164997756627525
700,22,725,4.0116235226235,156,157,0.0652170254240952,1,2,17.7456863304973,0.226061897404848
700,23,726,4.13583523423216,160,161,0.0604392811459281,1,2,18.0254794530938,0.229443840592118
700,24,727,3.3312267080515,119,120,0.0769969694322405,1,2,17.465658673692,0.190730093281236
700,25,728,4.4963219896033,167,168,0.0712248673782644,1,2,17.5147692444509,0.256716027876179
700,26,729,4.6442949757668,188,189,0.0701560993144528,1,2,17.2494768236684,0.269242657226233
700,27,730,4.57955677991436,186,187,0.0619200588586995,1,2,17.118991150254,0.267513239519749
700,28,731,4.03557031246504,162,163,0.0672524847012066,1,2,17.307183068147,0.233173145310533
700,29,732,3.51888304223813,133,134,0.0675754621836781,1,2,17.335858385821,0.202982913445823
700,30,733,4.04594205606256,162,163,0.0603058956203517,1,2,17.5450857550754,0.230602580833335
700,31,734,3.89754939318395,154,155,0.0745322864648751,1,2,17.3165344936431,0.225076755087153
700,32,735,3.48614652489268,120,121,0.0570707452158335,1,2,17.5289957717846,0.198878850236482
700,33,736,4.29128985269129,177,178,0.0722268110513926,1,2,17.0716134041254,0.251369905767329
700,34,737,4.68292490210343,185,186,0.0647935195307651,1,2,17.7291429223853,0.264137128489761
700,35,738,3.48263470004642,133,134,0.0595652006359344,1,2,17.4706169913032,0.199342398827704
700,36,739,3.45400888282145,136,137,0.0727345337153026,1,2,17.0831358494419,0.202188223126159
700,37,740,3.62265771899924,137,138,0.0558248961071585,1,2,17.5182466804817,0.206793395770337
700,38,741,4.56825003094137,189,190,0.0587771667169808,1,2,17.4459279555794,0.26185193717256
700,39,742,2.94009875881858,115,116,0.0742911809004761,1,2,17.4945159001925,0.168058308991919
700,40,743,3.43547238224518,127,128,0.0646516138377489,1,2,17.4012626694999,0.197426614809206
700,41,744,4.34188783998697,168,169,0.0783373747451999,1,2,17.2418533467299,0.251822571081691
700,42,745,4.39041725116792,173,174,0.0601919697334208,1,2,17.5009954348739,0.250866715982294
700,43,746,3.47353314127412,131,132,0.0684568136566545,1,2,17.0358405997983,0.203895611779511
700,44,747,3.93423456027848,154,155,0.0705012396003672,1,2,17.2646338065328,0.227878251248502
700,45,748,4.00721619236622,156,157,0.0828856493453447,1,2,17.6215926091182,0.227403747280635
700,46,749,2.8577984186768,106,107,0.0754701983580671,1,2,17.2886845490293,0.165298777392364
700,47,750,4.1451796305654,160,161,0.0665668327310926,1,2,17.2901358941504,0.239742455232396
700,48,751,3.25174973592287,132,133,0.0670506333071762,1,2,17.7493000578813,0.183204392585554
700,49,752,5.27639126019975,203,204,0.0809510907600717,1,2,17.367098529812,0.303815358169496
700,50,753,4.26081032783817,169,170,0.0605627921198886,1,2,17.2661725845132,0.24677213823635
700,51,754,4.00994889881871,151,152,0.0645547955872867,1,2,17.0735969203959,0.234862572749885
700,52,755,4.52453468413469,170,171,0.0593445427638769,1,2,17.4315948321708,0.25955942228444
700,53,756,3.88697085075156,153,154,0.0778300121036747,1,2,17.3684433709905,0.223795003831128
700,54,757,3.92818184694022,156,157,0.0669444837978738,1,2,17.5761210967317,0.223495379061235
700,55,758,4.0568910334269,156,157,0.0619913159769564,1,2,17.5165956938355,0.231602710043403
700,56,759,2.88426089098452,114,115,0.0628263709606073,1,2,17.6744492069479,0.16318816259636
700,57,760,4.191788980514,157,158,0.0639891444519789,1,2,17.7672114154145,0.235928356032128
700,58,761,3.83991151543602,151,152,0.0598794360690247,1,2,17.1414489326923,0.22401324010087
700,59,762,4.01642285837817,150,151,0.0655517789071098,1,2,17.5628534973527,0.228688513457313
700,60,763,3.37193661848133,135,136,0.0515201921207286,1,2,17.4695231481032,0.193018240388974
700,61,764,3.08599006577327,119,120,0.0671080644006714,1,2,17.8456922429286,0.172926329994069
700,62,765,4.40175332474172,171,172,0.0577550704843267,1,2,17.6970800485535,0.248727660872026
700,63,766,4.93641444007204,185,186,0.0584720728977148,1,2,17.5854707415021,0.280709826460432
700,64,767,3.53260851535182,127,128,0.0627887120086543,1,2,17.7590152829055,0.198919166354468
700,65,768,4.09952401653694,165,166,0.0692660491965865,1,2,17.1237061949049,0.239406351047809
700,66,769,3.36871409121092,123,124,0.0753487287921035,1,2,17.4824039673681,0.192691697177276
700,67,770,3.19913030661798,129,130,0.0658806976894564,1,2,17.835452975569,0.179369164943562
700,68,771,3.71820021467456,155,156,0.0710079393670109,1,2,17.3680802133157,0.214082395348675
700,69,772,4.22032872916598,174,175,0.111466506044911,1,2,17.473385574587,0.24152896478768
700,70,773,3.87715404070389,143,144,0.0764414275164123,1,2,17.8732691954295,0.216924726993725
700,71,774,4.64809581937418,177,178,0.0750070939464778,1,2,17.5102031995333,0.265450707019668
700,72,775,3.46048871967901,138,139,0.058133936514039,1,2,17.6481904953436,0.196081786435388
700,73,776,3.59514637489976,129,130,0.0608857665719634,1,2,17.462183136809,0.205881838870505
700,74,777,3.7300496164128,141,142,0.066096787147669,1,2,17.7097283738044,0.21062150348563
700,75,778,4.30053586312184,166,167,0.0658386130034755,1,2,17.5975019874275,0.244383314529206
700,76,779,4.56928498196837,175,176,0.063549898965491,1,2,17.665330713477,0.258658332305233
700,77,780,3.4884506338633,138,139,0.0589038804834654,1,2,17.2286312937286,0.202479847318639
700,78,781,4.51169354213847,170,171,0.0577234275663397,1,2,17.7526247988552,0.254142336316903
700,79,782,3.98831665115952,161,162,0.082632897003622,1,2,17.5529413348185,0.22721642914901
700,80,783,4.95632749493708,191,192,0.0729315037891999,1,2,17.3662068317605,0.285400694748874
700,81,784,4.38145208051326,175,176,0.0833076661432743,1,2,17.6538639954063,0.248186577264522
700,82,785,4.77673176099464,170,171,0.0597910425832138,1,2,17.6222500645967,0.271062534210155
700,83,786,4.21784456618034,160,161,0.0568476106269784,1,2,17.8209828126541,0.236678560914463
700,84,787,4.06001673952911,158,159,0.0611470477515623,1,2,17.6606023417919,0.229891181566414
700,85,788,3.61187341812785,148,149,0.0752250277057576,1,2,17.4813079673925,0.206613453916892
700,86,789,3.77033905187794,150,151,0.0596962530215471,1,2,17.2961447871481,0.217987250816696
700,87,790,3.59645733739067,151,152,0.0711793029262998,1,2,17.5193350927864,0.205285036123975
700,88,791,4.01307127438753,160,161,0.0630762096101436,1,2,17.6081184817524,0.227910283460799
700,89,792,4.101343799543,160,161,0.0683865736675535,1,2,17.7242442861066,0.231397386164323
700,90,793,4.03042154408951,157,158,0.0686764399869108,1,2,17.2658577092934,0.233433033675479
700,91,794,3.13689896975987,117,118,0.0569165401273415,1,2,17.9015019431849,0.175231049311708
700,92,795,3.44030566627015,142,143,0.0709419036578345,1,2,17.4162866403308,0.197533822066493
700,93,796,3.65365892843842,140,141,0.0692675662747555,1,2,17.3871127644067,0.210136034541506
700,94,797,2.89931530836448,116,117,0.0682828717744882,1,2,17.4870228372773,0.165798108422663
700,95,798,3.63184916384381,143,144,0.0758356538180642,1,2,17.6201500217031,0.206119082945967
700,96,799,4.53412277189613,176,177,0.0739141132297627,1,2,17.5438960977148,0.258444461061687
700,97,800,5.01695789616591,198,199,0.0589732363396,1,2,17.0795753121261,0.293740201643304
700,98,801,4.75931625518149,187,188,0.0621479472737333,1,2,17.5270128715795,0.271541778970155
700,99,802,3.45918133277843,141,142,0.0731803028253318,1,2,17.5040116123899,0.197622202805779
700,100,803,4.02806607698018,155,156,0.0591098778161023,1,2,17.3375294775655,0.23233218332476
750,1,804,4.23365918345124,165,166,0.0652322508961391,1,2,18.3608683258009,0.230580553616958
750,2,805,3.64456439894389,137,138,0.0620689281597962,1,2,18.0332227825754,0.20210277679625
750,3,806,4.36089609227069,188,189,0.064449666778747,1,2,18.0670897207185,0.241372360445512
750,4,807,4.44999701831836,184,185,0.0690540258843183,1,2,17.9444610685327,0.24798722019698
750,5,808,3.10054264184167,123,124,0.0660885297183786,1,2,17.9247730259914,0.172975280487279
750,6,809,3.22243349157419,132,133,0.0570168214397772,1,2,18.1026886395639,0.178008557498552
750,7,810,4.44957696581291,175,176,0.0663533059795,1,2,17.954148412943,0.247830020309136
750,8,811,4.49324288256338,187,188,0.0615841382295006,1,2,18.0953935417339,0.248308657791856
750,9,812,4.02457075792922,165,166,0.0684633076836327,1,2,18.2685834527969,0.22030009980402
750,10,813,3.77395956077938,161,162,0.0559084932029463,1,2,17.9185797257551,0.210617114667572
750,11,814,4.1801442221793,167,168,0.0568269194768381,1,2,18.2962047875609,0.228470563743431
750,12,815,4.26682700641614,158,159,0.0678015515023905,1,2,18.0082327963001,0.236937574868135
750,13,816,3.55625024450785,137,138,0.0626987982907381,1,2,18.0576631953332,0.196938563203844
750,14,817,3.89269146648268,160,161,0.0703302610245093,1,2,18.0714556139827,0.21540552956181
750,15,818,4.40578142509891,179,180,0.0661966232021993,1,2,18.3360151786887,0.240280201677603
750,16,819,4.95610164706695,202,203,0.0579424134925218,1,2,17.9946920152952,0.275420198514893
750,17,820,4.09674287008285,166,167,0.0593894501850194,1,2,18.2493956343991,0.224486495451976
750,18,821,3.79950653580853,157,158,0.0682041221376004,1,2,18.0046728654655,0.2110289125606
750,19,822,4.34223817450934,175,176,0.061278253352026,1,2,18.0663907190563,0.240348957466594
750,20,823,3.19893843818003,134,135,0.0741712609384001,1,2,18.1764748637112,0.175993335460586
750,21,824,3.00873899973537,122,123,0.0783154649183044,1,2,17.9187470860077,0.167910121466295
750,22,825,3.94645697688849,164,165,0.0513085122311893,1,2,18.1911588541293,0.216943681737607
750,23,826,3.67770710921588,143,144,0.0675468522375552,1,2,18.083142112757,0.203377658942435
750,24,827,4.32034046754119,175,176,0.065928488363707,1,2,18.1706476489501,0.23776480349014
750,25,828,5.39287561158697,233,234,0.0582297105154436,1,2,18.0447664958745,0.298860925289331
750,26,829,5.03387754853334,196,197,0.0649547256806065,1,2,17.9671783041517,0.28017073484322
750,27,830,3.48507255452158,144,145,0.0591078137073258,1,2,17.9364055716747,0.194301614144209
750,28,831,3.2606507944847,135,136,0.0734052494784006,1,2,18.171240920346,0.179440182911988
750,29,832,4.3975406272902,179,180,0.0638736255520279,1,2,18.127815037923,0.242585254653726
750,30,833,4.10143341939571,166,167,0.0605586136253099,1,2,18.1857277318327,0.225530343348123
750,31,834,4.00775708349996,163,164,0.0623985030772503,1,2,17.7394783617968,0.225923051499132
750,32,835,3.62913780670845,156,157,0.059377829850522,1,2,17.8604447048903,0.203194145872234
750,33,836,3.20929806881556,122,123,0.05850280787319,1,2,18.335916779913,0.175027957823813
750,34,837,4.06892266909332,163,164,0.0686846196477622,1,2,18.3446100949455,0.221804805228017
750,35,838,4.67966181634534,185,186,0.0584280478464896,1,2,17.8736894414144,0.261818458448891
750,36,839,3.68878842694439,159,160,0.0767000238546518,1,2,18.2055861578996,0.202618492750028
750,37,840,5.10402819844285,206,207,0.0649337111913142,1,2,18.4286736111916,0.276961234765328
750,38,841,4.17179094474679,174,175,0.065251056392311,1,2,18.03880876535,0.231267540945399
750,39,842,4.78916162079196,199,200,0.0580541690279222,1,2,17.9462658783736,0.266861176205085
750,40,843,3.5537571784742,151,152,0.0583434702481054,1,2,18.0749751707025,0.196612008863749
750,41,844,5.00765859226017,201,202,0.058846269893438,1,2,18.4042714987292,0.272092192978458
750,42,845,4.88533505127348,198,199,0.0630787835851918,1,2,18.1026159304518,0.26986901064699
750,43,846,4.393556360451,174,175,0.0788895220569499,1,2,18.0042327403073,0.244029080484771
750,44,847,4.2043250447047,177,178,0.0766805915817106,1,2,18.3089974549929,0.229631636305579
750,45,848,4.13087797517452,175,176,0.0601960314895154,1,2,18.3483856886386,0.225135771902395
750,46,849,4.38018919782131,177,178,0.0729243304784566,1,2,17.9358303109593,0.244214464671027
750,47,850,4.72497912074525,184,185,0.0641821137479835,1,2,18.0469449805436,0.261816009625965
750,48,851,2.90873035495218,113,114,0.0533375126491867,1,2,18.644175249423,0.156012819877469
750,49,852,4.71322754769889,173,174,0.0581492011730313,1,2,18.1997401473061,0.258972244084295
750,50,853,4.20208062841308,174,175,0.0630913684563061,1,2,18.2113213161692,0.23074001910461
750,51,854,3.41337351469082,129,130,0.083010483541022,1,2,17.935831526862,0.190310302010738
750,52,855,3.61575773766483,151,152,0.0681671563556316,1,2,18.1165885132985,0.199582704823852
750,53,856,4.416606908145,173,174,0.0567506190129469,1,2,17.7027976491089,0.249486380383912
750,54,857,3.67602952478516,141,142,0.0616337966451621,1,2,17.998619720452,0.204239524023504
750,55,858,4.52631675300995,189,190,0.0787571197966243,1,2,18.473768805267,0.245013175206538
750,56,859,3.64916081053643,143,144,0.0691387509633034,1,2,18.2216724399075,0.200264867155902
750,57,860,3.053608400812,123,124,0.0551178418981884,1,2,18.3359033832513,0.166537112297466
750,58,861,3.10754089382882,118,119,0.0722826459963409,1,2,18.0508542456704,0.172154782900326
750,59,862,3.29882541316065,135,136,0.0691455678398143,1,2,18.0410517582136,0.182851058650657
750,60,863,4.03304755009702,157,158,0.0903023096179324,1,2,18.1095357686039,0.222702978233657
750,61,864,3.93077252005412,152,153,0.0589552867745992,1,2,18.0838345403096,0.217363884373763
750,62,865,3.76285484723923,150,151,0.061199125071382,1,2,18.1722302551852,0.207066210057819
750,63,866,4.98325881307345,193,194,0.0740049076049345,1,2,18.424751903709,0.270465449907647
750,64,867,3.47407956704934,143,144,0.0674131894375144,1,2,17.9258733585077,0.193802527640893
750,65,868,4.84505982419309,197,198,0.0782644779101464,1,2,18.2192973195065,0.265930114604679
750,66,869,4.44632198899007,194,195,0.0752900117535449,1,2,18.1703710961145,0.24470177111247
750,67,870,3.35233217897142,128,129,0.0657021135839894,1,2,18.2923298794137,0.183264362772298
750,68,871,4.60738332406113,185,186,0.0653073677311538,1,2,18.3358113795729,0.251277853413894
750,69,872,3.24813057226939,132,133,0.0624867545374886,1,2,17.8332091343612,0.182139431428013
750,70,873,4.96385582541611,207,208,0.0593767444212641,1,2,17.9334905681229,0.276792507658239
750,71,874,4.74191730678028,183,184,0.0600294427299973,1,2,17.712573834578,0.26771475173886
750,72,875,3.05717435726835,114,115,0.0673578570769807,1,2,18.0913378510419,0.168985532327134
750,73,876,3.7405510816721,154,155,0.0762765765201349,1,2,17.6873228093231,0.211482038406651
750,74,877,3.4607697104449,137,138,0.0547079644980203,1,2,18.0660663322092,0.191561884408387
750,75,878,4.35717568307724,171,172,0.0525553308359696,1,2,18.4871841024881,0.235686281854618
750,76,879,4.34170743430776,172,173,0.0670157855563046,1,2,18.3325503357298,0.236830520292959
750,77,880,3.47640545641347,134,135,0.0689509893467786,1,2,17.7163885746901,0.196225401229905
750,78,881,3.50842619744522,142,143,0.0567949050589578,1,2,17.9442836006231,0.195517763513467
750,79,882,4.37406430370156,189,190,0.0595952594031786,1,2,17.829996673418,0.245320533919261
750,80,883,4.0437045493922,156,157,0.0580297836804562,1,2,17.9410222217906,0.225388748723628
750,81,884,4.30977883890149,175,176,0.0732101759989386,1,2,18.0702215624546,0.238501715322414
750,82,885,4.27967641100636,172,173,0.0671564770396251,1,2,17.977232388639,0.238060916079105
750,83,886,4.6738859205117,191,192,0.0644209131306723,1,2,17.5163515941786,0.266829875809584
750,84,887,3.98430324544787,166,167,0.0621149286159136,1,2,18.2286232460473,0.218574008122739
750,85,888,3.33403014195259,137,138,0.0709172817378002,1,2,18.1010273571836,0.184190105686429
750,86,889,4.28067334952201,173,174,0.0825708499513807,1,2,18.1259951284676,0.236162115193281
750,87,890,3.01367362833918,117,118,0.0847447696228166,1,2,18.1887367905075,0.165689001003741
750,88,891,3.95014131690933,154,155,0.0729045820154908,1,2,18.3240654165568,0.215571229806906
750,89,892,3.82881510807539,148,149,0.0611762666293505,1,2,18.2318469792399,0.210006979130264
750,90,893,3.66705802500327,157,158,0.0646327845732534,1,2,17.8857811492177,0.205026439405118
750,91,894,3.58432136986393,145,146,0.0626380819783804,1,2,17.8940952848923,0.200307493214822
750,92,895,4.46366613967976,180,181,0.0695130511337498,1,2,18.1736601828861,0.245611841245009
750,93,896,4.66848280488324,186,187,0.0641559502039177,1,2,18.1348299290277,0.257431849273127
750,94,897,4.81661528727395,200,201,0.0603993809664852,1,2,18.088333202935,0.266282981037324
750,95,898,2.78519577099002,116,117,0.0550127590843952,1,2,18.1199675952686,0.15370865076587
750,96,899,4.78241344506326,196,197,0.0713591476150067,1,2,18.1075745100096,0.264111211715276
750,97,900,4.90061240422732,192,193,0.0705571278752038,1,2,18.0496553080334,0.271507257096826
750,98,901,3.88697400989754,158,159,0.0569295897709335,1,2,18.3601555421718,0.211707030529751
750,99,902,4.55023431716314,176,177,0.0654520620756457,1,2,17.9392985448537,0.253646167144505
750,100,903,4.28084701621925,179,180,0.0590117510733109,1,2,18.1044663727104,0.236452537627507
800,1,904,3.45435906303366,146,147,0.0575001107046089,1,2,18.3746609139943,0.187995799171608
800,2,905,2.92644073106463,120,121,0.0613181064017953,1,2,18.7761930585216,0.155859109561961
800,3,906,3.41676815832647,144,145,0.0634396842056365,1,2,19.0908899508791,0.178973749632302
800,4,907,4.21463915233885,176,177,0.0648998742030065,1,2,17.9096886735223,0.235327326407956
800,5,908,3.89285356784876,170,171,0.0613998234183644,1,2,18.634524059528,0.208905446439793
800,6,909,3.12082400972398,136,137,0.0686147482697368,1,2,18.5482017070471,0.16825480221828
800,7,910,3.40656611770436,134,135,0.0508151020557375,1,2,18.8515636309761,0.180704698262102
800,8,911,3.99539211369132,179,180,0.062146047975967,1,2,18.8162082202871,0.212337792339245
800,9,912,4.91657464512907,209,210,0.0688630846068643,1,2,18.6983088814467,0.262942209175264
800,10,913,3.17747903106776,139,140,0.0560719939416489,1,2,18.6141261751017,0.170702562192684
800,11,914,4.28570725327909,175,176,0.0657983663892194,1,2,18.6117780562771,0.230268555767227
800,12,915,4.2624843959377,175,176,0.0647502468811021,1,2,18.831746596812,0.226345675055934
800,13,916,3.88147270276174,158,159,0.0779536751875016,1,2,19.0177702721012,0.204097149519984
800,14,917,3.36436362699783,135,136,0.0683592869718093,1,2,18.7768530484699,0.179176117441681
800,15,918,3.64866742051087,166,167,0.0675660099585464,1,2,18.4668976544364,0.197578796871402
800,16,919,3.6655398604062,153,154,0.0553420909240733,1,2,18.7892781571344,0.19508678458807
800,17,920,5.33794310539684,218,219,0.0628922614949814,1,2,18.8056910381413,0.283847219151402
800,18,921,3.91760202118366,162,163,0.0621735693516327,1,2,18.6512850885976,0.210044616366872
800,19,922,3.98490459731912,166,167,0.0673375365040938,1,2,18.4693260264527,0.215757986599605
800,20,923,3.06799302327706,132,133,0.0586210984568025,1,2,18.6912527497484,0.164140577646319
800,21,924,5.2280230376815,223,224,0.0537569117096446,1,2,18.5328874831082,0.282094360225657
800,22,925,3.14210713508425,129,130,0.0635118971871067,1,2,18.2780471266278,0.171906063777829
800,23,926,4.23053089968419,171,172,0.067411313434392,1,2,18.498438835257,0.228696645017473
800,24,927,3.70662993247978,158,159,0.0577060340046023,1,2,18.3671780537554,0.201807263022743
800,25,928,4.71000409695523,191,192,0.05559864121802,1,2,18.6173402458769,0.252990171246312
800,26,929,4.76360587334828,195,196,0.0540477060842425,1,2,18.7390383710994,0.254207594808869
800,27,930,2.83948832399951,113,114,0.062633905296695,1,2,18.5195968679265,0.153323441338895
800,28,931,3.54562219646026,141,142,0.0542259172531564,1,2,18.588636082272,0.190741385261812
800,29,932,4.94863126382758,207,208,0.0577597335312167,1,2,18.814974305383,0.263015573845974
800,30,933,4.68353994111343,197,198,0.0775102045063657,1,2,19.0773139248443,0.245503112207745
800,31,934,5.33764080445739,211,212,0.0612358363665535,1,2,18.5998329006078,0.286972513838174
800,32,935,4.24893831427262,181,182,0.0667787661703183,1,2,19.0519896827703,0.223018088137805
800,33,936,3.46476014549207,144,145,0.0855110425356215,1,2,18.5031852924412,0.187252091503806
800,34,937,3.18741558690889,140,141,0.0630984331606906,1,2,18.799129472421,0.169551233294337
800,35,938,3.16601305537865,134,135,0.0634407980490672,1,2,18.3594082070855,0.172446356640013
800,36,939,4.4568035078224,185,186,0.0772592940540751,1,2,18.6037539510394,0.239564741586652
800,37,940,3.88262145626553,166,167,0.0592511118047504,1,2,18.7367203712568,0.20721990718406
800,38,941,4.12660438419862,171,172,0.0619279378169663,1,2,18.8079433958237,0.219407528901588
800,39,942,3.83978405988539,154,155,0.0632034893104494,1,2,18.7846749220304,0.20441046096476
800,40,943,4.36908197435132,183,184,0.0550147505494127,1,2,18.9283432327984,0.230822207766221
800,41,944,4.73578596267038,201,202,0.0544858216011171,1,2,18.6261174648246,0.254255132429713
800,42,945,4.31091162908107,182,183,0.0596301827313653,1,2,18.7108599628956,0.230396231794251
800,43,946,4.14208369528835,174,175,0.0607141060160223,1,2,18.7010214038472,0.221489704002811
800,44,947,4.06869095957165,176,177,0.0591903350973414,1,2,18.6410266829113,0.21826539003356
800,45,948,3.96828604935367,170,171,0.0578272709869794,1,2,18.8325760974545,0.210713926168074
800,46,949,3.36908998360079,148,149,0.0632793384238273,1,2,18.3898691344666,0.183203586657742
800,47,950,4.61523849451316,191,192,0.0616068312313555,1,2,18.8166853269067,0.245273724587064
800,48,951,3.78466559311874,166,167,0.0688013534722656,1,2,18.3164474097164,0.206626618604603
800,49,952,2.94939143328054,120,121,0.0566703883950788,1,2,19.1005545899626,0.154413916066629
800,50,953,3.97684288926477,174,175,0.0587208293033667,1,2,18.4766744823728,0.215235858219983
800,51,954,3.24022433808168,137,138,0.0635483389057758,1,2,18.747595776927,0.172834126393395
800,52,955,3.1907755362354,129,130,0.064187075555064,1,2,18.5172383153421,0.172313791176503
800,53,956,4.22976515441418,179,180,0.058582697348759,1,2,18.7462459868541,0.225632649725194
800,54,957,3.9580426664341,165,166,0.0601642258462393,1,2,19.0692889643892,0.207561103815959
800,55,958,4.97796652650331,208,209,0.0636278502636949,1,2,18.7748100840664,0.265140712700362
800,56,959,4.5137807003439,182,183,0.065742618385777,1,2,18.5226439422166,0.243689870324406
800,57,960,3.52040342866046,154,155,0.0569829693935654,1,2,18.8676067647505,0.186584524076337
800,58,961,5.15742639729944,216,217,0.0599181713953978,1,2,18.8427762778679,0.273708413306228
800,59,962,3.85816710130298,162,163,0.0554453361425886,1,2,18.561197308469,0.207861973405271
800,60,963,3.40046663515153,139,140,0.0594417110394223,1,2,18.6523475641801,0.182307702740955
800,61,964,3.54254080218475,152,153,0.0591923589964249,1,2,18.4628700396655,0.191873787475835
800,62,965,3.46408231219789,144,145,0.060741434243136,1,2,18.5472561013727,0.186770608723169
800,63,966,3.87426076760352,164,165,0.0620875316513371,1,2,18.7733352317458,0.206370403541941
800,64,967,4.82278882031951,195,196,0.0629047518503387,1,2,18.7535266544602,0.257167033656174
800,65,968,3.0036040079827,116,117,0.0601720029721736,1,2,18.9540666035351,0.158467524189374
800,66,969,3.25743627859538,145,146,0.0573445888190137,1,2,18.8226379790498,0.17305949794184
800,67,970,4.49531880191508,186,187,0.0685216858731695,1,2,18.8952817727581,0.237906947140429
800,68,971,3.36237846991672,148,149,0.0702900878988829,1,2,18.5304910091278,0.181451126592408
800,69,972,4.07700050374202,182,183,0.0638232180464572,1,2,18.4503143370847,0.220971872308285
800,70,973,5.20284242080207,219,220,0.0673076990008412,1,2,18.6226790339655,0.279382059440144
800,71,974,4.18951440269139,175,176,0.0561923107031033,1,2,18.6826243823479,0.224246568198942
800,72,975,5.67637685986977,237,238,0.0629258411110024,1,2,18.5599248979011,0.305840508035229
800,73,976,3.56794211166021,152,153,0.0702520056161554,1,2,18.7218002768159,0.190576870755242
800,74,977,3.50338280020232,147,148,0.0598187895464648,1,2,18.6352220415224,0.187997910215194
800,75,978,3.05375943679955,131,132,0.0569007626939242,1,2,18.8691114298133,0.161839069537455
800,76,979,3.93761860368126,160,161,0.0709464641975776,1,2,18.5177667911016,0.212640036355432
800,77,980,2.98789229838921,133,134,0.0653850983820109,1,2,18.5984620334573,0.16065265466651
800,78,981,3.96829531306851,166,167,0.0709833417389407,1,2,18.4083037335407,0.215570938556284
800,79,982,3.82603172267438,157,158,0.0652450010209879,1,2,18.9094493660494,0.202334380478776
800,80,983,3.19583694269807,132,133,0.052750008853961,1,2,18.5939237795117,0.171875338448978
800,81,984,3.5479866503978,142,143,0.0582216411821147,1,2,18.8194346078458,0.188527802472804
800,82,985,4.26928161007981,179,180,0.0581377503551077,1,2,18.9230004913701,0.225613354078114
800,83,986,4.2212840097537,171,172,0.056640968748984,1,2,18.9173339036421,0.223143706785288
800,84,987,4.52367232005873,180,181,0.0615349531875296,1,2,18.8073649312883,0.24052664137617
800,85,988,3.71586975200687,156,157,0.06418861761797,1,2,18.7383589243723,0.198302837884794
800,86,989,3.47875004287657,142,143,0.0566309393471123,1,2,18.6808573322252,0.186220042314417
800,87,990,3.7033464051789,159,160,0.0678816736880058,1,2,18.7858215453513,0.197135184971207
800,88,991,3.36943344633555,146,147,0.0652932056568501,1,2,18.4016729857893,0.183104734495478
800,89,992,4.15094887610849,178,179,0.0594270095416963,1,2,18.6909695231715,0.22208312259899
800,90,993,3.97115767035932,171,172,0.0552573621765338,1,2,18.865186027486,0.210501908890453
800,91,994,5.94423797072745,244,245,0.0664755078234768,1,2,18.3998922678486,0.323058302961601
800,92,995,3.15923070240463,126,127,0.068104552163259,1,2,18.7534718396302,0.168461111063632
800,93,996,3.46614161567697,139,140,0.0672599709011601,1,2,19.2873682218733,0.179710449647874
800,94,997,4.23592139459512,178,179,0.056342267527122,1,2,18.1934474961228,0.232826757847726
800,95,998,3.91744364781881,165,166,0.0783789844691967,1,2,18.9813047980472,0.206384318122421
800,96,999,3.99047322119535,167,168,0.0656882241498333,1,2,18.6142684394806,0.214377117971051
800,97,1000,3.74020957897996,157,158,0.0676303060355651,1,2,18.4963131108338,0.202213790206072
800,98,1001,4.02771034558719,164,165,0.0611868342330655,1,2,18.5258642143643,0.217410119116831
800,99,1002,3.86548938620943,160,161,0.061889484122474,1,2,18.8427081575465,0.205145107268527
800,100,1003,4.39266520961644,184,185,0.0657973756086122,1,2,18.599185160785,0.236175142708834
