"structure","run","seed","weighted_diameter","hop_diameter","mst_length","weighted_stringy","hop_stringy","difference"
"Degree 1 vs 2",1,1050,2.67347714285126,403,3.10849066572609,0.860056352212589,0.807615230460922,0.0524411217516669
"Degree 1 vs 2",2,1051,2.70406047126326,411,3.09214387355465,0.874493743447567,0.823647294589178,0.0508464488583883
"Degree 1 vs 2",3,1052,2.73836703244195,403,3.15148223993803,0.868913997908425,0.807615230460922,0.0612987674475034
"Degree 1 vs 2",4,1053,2.7028437593127,402,3.15594470834192,0.856429376651765,0.80561122244489,0.0508181542068752
"Degree 1 vs 2",5,1054,2.67899834442852,409,3.0730501312843,0.87177176745532,0.819639278557114,0.052132488898206
"Degree 1 vs 2",6,1055,2.712243218364,411,3.10564144596038,0.87332786658032,0.823647294589178,0.0496805719911412
"Degree 1 vs 2",7,1056,2.72635856369249,404,3.20548470993908,0.850529267926005,0.809619238476954,0.0409100294490512
"Degree 1 vs 2",8,1057,2.67316568297809,408,3.08552722038217,0.86635621469157,0.817635270541082,0.0487209441504873
"Degree 1 vs 2",9,1058,2.683344853643,396,3.1424582335255,0.85389992618377,0.793587174348697,0.0603127518350727
"Degree 1 vs 2",10,1059,2.73417932747024,399,3.18120982510862,0.85947783320985,0.799599198396794,0.0598786348130561
"Degree 1 vs 2",11,1060,2.70827389416736,412,3.10426024611163,0.872437772432168,0.82565130260521,0.0467864698269574
"Degree 1 vs 2",12,1061,2.68762402153378,403,3.15321940295301,0.852342852836948,0.807615230460922,0.0447276223760259
"Degree 1 vs 2",13,1062,2.70059132915103,404,3.14052738890912,0.859916502778565,0.809619238476954,0.050297264301611
"Degree 1 vs 2",14,1063,2.71319707526941,406,3.15115656321806,0.861016271593505,0.813627254509018,0.0473890170844866
"Degree 1 vs 2",15,1064,2.65908297885407,389,3.189559464895,0.833683462597429,0.779559118236473,0.0541243443609565
"Degree 1 vs 2",16,1065,2.79087837933031,421,3.16816403052131,0.880913473053692,0.843687374749499,0.0372260983041928
"Degree 1 vs 2",17,1066,2.71162856159006,410,3.12625994653812,0.867371430386908,0.821643286573146,0.0457281438137616
"Degree 1 vs 2",18,1067,2.67351104135752,402,3.12076203043498,0.856685327264403,0.80561122244489,0.051074104819513
"Degree 1 vs 2",19,1068,2.72752091317831,413,3.09657785674162,0.880817805772319,0.827655310621243,0.0531624951510765
"Degree 1 vs 2",20,1069,2.74357495600958,410,3.14489295215229,0.87239057028378,0.821643286573146,0.0507472837106338
"Degree 1 vs 2",21,1070,2.66738156244068,403,3.08316303289567,0.86514450711207,0.807615230460922,0.0575292766511478
"Degree 1 vs 2",22,1071,2.71521214149507,411,3.12719238904597,0.86825874577017,0.823647294589178,0.0446114511809911
"Degree 1 vs 2",23,1072,2.70597352722513,410,3.11257351136449,0.86936855221096,0.821643286573146,0.0477252656378138
"Degree 1 vs 2",24,1073,2.7026254531103,413,3.1142941221506,0.867813169567936,0.827655310621243,0.0401578589466937
"Degree 1 vs 2",25,1074,2.72801637530753,411,3.1247522674867,0.873034449384281,0.823647294589178,0.0493871547951028
"Degree 1 vs 2",26,1075,2.70700942729021,405,3.1348353125043,0.86352524373208,0.811623246492986,0.0519019972390944
"Degree 1 vs 2",27,1076,2.71706701144853,408,3.11432383987724,0.872442029521125,0.817635270541082,0.0548067589800428
"Degree 1 vs 2",28,1077,2.64546439525611,395,3.13759457526989,0.843150487353374,0.791583166332665,0.051567321020709
"Degree 1 vs 2",29,1078,2.7570089426023,420,3.14218600187168,0.877417486094093,0.841683366733467,0.0357341193606263
"Degree 1 vs 2",30,1079,2.67788750564254,413,3.09948915288234,0.863977053493563,0.827655310621243,0.0363217428723206
"Degree 1 vs 2",31,1080,2.66439684345379,396,3.1249282096225,0.852626577228043,0.793587174348697,0.0590394028793458
"Degree 1 vs 2",32,1081,2.72084545799179,417,3.13660882381845,0.867448129754186,0.835671342685371,0.0317767870688151
"Degree 1 vs 2",33,1082,2.73356536708175,409,3.09335973393811,0.883688158571099,0.819639278557114,0.0640488800139843
"Degree 1 vs 2",34,1083,2.7101760199035,414,3.10233374251714,0.873592670820949,0.829659318637275,0.043933352183674
"Degree 1 vs 2",35,1084,2.71504569873673,409,3.13514794739528,0.866002416566154,0.819639278557114,0.0463631380090396
"Degree 1 vs 2",36,1085,2.66530303866075,403,3.07448829748913,0.866909475907729,0.807615230460922,0.0592942454468073
"Degree 1 vs 2",37,1086,2.69946314913482,405,3.1179502516378,0.865781340711528,0.811623246492986,0.0541580942185422
"Degree 1 vs 2",38,1087,2.70354434410746,414,3.07673239727015,0.878706366048018,0.829659318637275,0.0490470474107434
"Degree 1 vs 2",39,1088,2.70153280827235,393,3.15681986071695,0.855776676360241,0.787575150300601,0.0682015260596395
"Degree 1 vs 2",40,1089,2.69998321217907,417,3.05707091292217,0.883192863065854,0.835671342685371,0.0475215203804831
"Degree 1 vs 2",41,1090,2.71521566398606,408,3.12543495128323,0.86874809628377,0.817635270541082,0.0511128257426877
"Degree 1 vs 2",42,1091,2.64522244063191,399,3.13539141869963,0.843665778012809,0.799599198396794,0.044066579616015
"Degree 1 vs 2",43,1092,2.68377977532489,406,3.1043514073765,0.864521899469158,0.813627254509018,0.0508946449601403
"Degree 1 vs 2",44,1093,2.6733079630965,401,3.1081629279632,0.860092609382076,0.803607214428858,0.0564853949532178
"Degree 1 vs 2",45,1094,2.69417624954207,409,3.07264960081061,0.876825085695195,0.819639278557114,0.0571858071380812
"Degree 1 vs 2",46,1095,2.66782581651436,408,3.07351525818408,0.868004741284606,0.817635270541082,0.050369470743524
"Degree 1 vs 2",47,1096,2.68715106978538,407,3.13121645393378,0.858181192299718,0.81563126252505,0.0425499297746679
"Degree 1 vs 2",48,1097,2.68699933052442,405,3.09752075780241,0.86746773972574,0.811623246492986,0.0558444932327541
"Degree 1 vs 2",49,1098,2.68290071082809,401,3.1147531727903,0.861352589433163,0.803607214428858,0.0577453750043051
"Degree 1 vs 2",50,1099,2.68235064140132,404,3.13160818751424,0.856540946627961,0.809619238476954,0.0469217081510072
"Degree 1 vs 2",51,1100,2.6803745731109,412,3.07905071979024,0.870519785816812,0.82565130260521,0.0448684832116011
"Degree 1 vs 2",52,1101,2.74391598538681,410,3.12396980161819,0.87834267282785,0.821643286573146,0.0566993862547034
"Degree 1 vs 2",53,1102,2.69568963731432,405,3.15370120811619,0.854770144481932,0.811623246492986,0.043146897988946
"Degree 1 vs 2",54,1103,2.72364935216523,418,3.09986802852536,0.878633969930937,0.837675350701403,0.0409586192295345
"Degree 1 vs 2",55,1104,2.68640793912064,407,3.10013454585975,0.866545596451082,0.81563126252505,0.0509143339260316
"Degree 1 vs 2",56,1105,2.72353796969367,411,3.11172815822253,0.875249324879781,0.823647294589178,0.0516020302906027
"Degree 1 vs 2",57,1106,2.75174650685147,421,3.09600714197862,0.888804960925529,0.843687374749499,0.0451175861760299
"Degree 1 vs 2",58,1107,2.6591768295287,405,3.08964458324544,0.860674021843456,0.811623246492986,0.0490507753504696
"Degree 1 vs 2",59,1108,2.7265159960582,410,3.11305336905502,0.875833361278302,0.821643286573146,0.054190074705156
"Degree 1 vs 2",60,1109,2.69404223436245,413,3.04722005653634,0.884098353377427,0.827655310621243,0.0564430427561845
"Degree 1 vs 2",61,1110,2.72895886481323,411,3.1112674508785,0.877121272246359,0.823647294589178,0.0534739776571805
"Degree 1 vs 2",62,1111,2.72659364843054,414,3.09776979672398,0.880179557342844,0.829659318637275,0.0505202387055692
"Degree 1 vs 2",63,1112,2.69617574038595,415,3.07836611415036,0.875846354984356,0.831663326653307,0.0441830283310497
"Degree 1 vs 2",64,1113,2.71901732629834,416,3.08721238802818,0.880735428777866,0.833667334669339,0.0470680941085277
"Degree 1 vs 2",65,1114,2.67091984578616,404,3.10314338127037,0.8607142879401,0.809619238476954,0.0510950494631456
"Degree 1 vs 2",66,1115,2.73964769578004,419,3.08912265333252,0.886869186895033,0.839679358717435,0.0471898281775984
"Degree 1 vs 2",67,1116,2.70059345890055,420,3.04671631853939,0.886394785910105,0.841683366733467,0.0447114191766377
"Degree 1 vs 2",68,1117,2.68386806564673,412,3.05292992778174,0.879112239433817,0.82565130260521,0.0534609368286066
"Degree 1 vs 2",69,1118,2.73264619526936,404,3.16311010898216,0.86391118270261,0.809619238476954,0.0542919442256558
"Degree 1 vs 2",70,1119,2.69404144680337,422,3.08240103997705,0.874007441557127,0.845691382765531,0.0283160587915959
"Degree 1 vs 2",71,1120,2.73174901191672,414,3.12605483300113,0.87386471378499,0.829659318637275,0.0442053951477153
"Degree 1 vs 2",72,1121,2.70205880306261,411,3.12737187135651,0.864003039680273,0.823647294589178,0.0403557450910943
"Degree 1 vs 2",73,1122,2.72391782900004,409,3.12341099798884,0.872097149799999,0.819639278557114,0.0524578712428843
"Degree 1 vs 2",74,1123,2.72700497883711,409,3.12380843763902,0.872974458350008,0.819639278557114,0.0533351797928937
"Degree 1 vs 2",75,1124,2.68240642841049,416,3.08124812195027,0.870558397845827,0.833667334669339,0.0368910631764883
"Degree 1 vs 2",76,1125,2.73177471811408,406,3.13473016691035,0.871454502511956,0.813627254509018,0.0578272480029384
"Degree 1 vs 2",77,1126,2.72982137685814,407,3.11903724178291,0.875212818971573,0.81563126252505,0.0595815564465226
"Degree 1 vs 2",78,1127,2.73666106513805,416,3.14091155330668,0.87129516979138,0.833667334669339,0.037627835122041
"Degree 1 vs 2",79,1128,2.75433273126997,420,3.06627874386921,0.898265605100986,0.841683366733467,0.0565822383675191
"Degree 1 vs 2",80,1129,2.69109794498676,408,3.1009566807445,0.867828293667313,0.817635270541082,0.0501930231262309
"Degree 1 vs 2",81,1130,2.69408101448982,412,3.08043390215806,0.874578419813659,0.82565130260521,0.0489271172084487
"Degree 1 vs 2",82,1131,2.72374746259494,408,3.12320092433602,0.872101260399698,0.817635270541082,0.054465989858616
"Degree 1 vs 2",83,1132,2.73847243655513,416,3.12303540240398,0.876862437885645,0.833667334669339,0.0431951032163059
"Degree 1 vs 2",84,1133,2.73171255935132,410,3.16345989165446,0.863520529075733,0.821643286573146,0.0418772425025871
"Degree 1 vs 2",85,1134,2.68273590456192,402,3.11960168786592,0.859961037653223,0.80561122244489,0.0543498152083334
"Degree 1 vs 2",86,1135,2.71694906958087,416,3.08153982832592,0.881685527672337,0.833667334669339,0.0480181930029981
"Degree 1 vs 2",87,1136,2.71433844454819,411,3.12983447917564,0.867246642788316,0.823647294589178,0.0435993481991376
"Degree 1 vs 2",88,1137,2.67818424399878,403,3.15937812982863,0.847693480787643,0.807615230460922,0.0400782503267209
"Degree 1 vs 2",89,1138,2.65064968757802,397,3.08436920134878,0.859381453562336,0.79559118236473,0.0637902711976064
"Degree 1 vs 2",90,1139,2.66587742947111,402,3.07708992206472,0.866363186319339,0.80561122244489,0.0607519638744491
"Degree 1 vs 2",91,1140,2.7284367899871,418,3.06988269839914,0.888775584620842,0.837675350701403,0.0511002339194392
"Degree 1 vs 2",92,1141,2.71871839161326,412,3.14233456552446,0.865190620197217,0.82565130260521,0.0395393175920067
"Degree 1 vs 2",93,1142,2.71381278579448,403,3.17959565451728,0.853508773022425,0.807615230460922,0.0458935425615027
"Degree 1 vs 2",94,1143,2.71205879596378,409,3.11604279080175,0.870353515031791,0.819639278557114,0.0507142364746768
"Degree 1 vs 2",95,1144,2.65592818889584,404,3.08440916684332,0.861081667583683,0.809619238476954,0.0514624291067288
"Degree 1 vs 2",96,1145,2.71339529629941,407,3.11735312047144,0.870416405020251,0.81563126252505,0.0547851424952012
"Degree 1 vs 2",97,1146,2.69705575462627,398,3.19082011874541,0.845254716422785,0.797595190380762,0.047659526042024
"Degree 1 vs 2",98,1147,2.67415113353082,409,3.08065251432925,0.86804698715365,0.819639278557114,0.048407708596536
"Degree 1 vs 2",99,1148,2.68351395766118,411,3.07620502137506,0.872345613837418,0.823647294589178,0.0486983192482396
"Degree 1 vs 2",100,1149,2.69928170724209,417,3.06760183585389,0.879932224480081,0.835671342685371,0.0442608817947104
"Degree 2 vs 3",1,1050,2.51733097430639,347,2.89114416264087,0.870704064790381,0.695390781563126,0.175313283227255
"Degree 2 vs 3",2,1051,2.48662819193441,356,2.83589629298041,0.876840312563429,0.713426853707415,0.163413458856014
"Degree 2 vs 3",3,1052,2.45850803797582,331,2.90456761237581,0.846428235135787,0.663326653306613,0.183101581829174
"Degree 2 vs 3",4,1053,2.45139094975334,332,2.91712159976407,0.840345822385876,0.665330661322645,0.175015161063231
"Degree 2 vs 3",5,1054,2.4760947422624,340,2.85816040231053,0.866324626238868,0.681362725450902,0.184961900787966
"Degree 2 vs 3",6,1055,2.50340032766332,350,2.8637677155877,0.874163192090313,0.701402805611222,0.17276038647909
"Degree 2 vs 3",7,1056,2.56682497727377,354,2.96199330729254,0.866587028051057,0.709418837675351,0.157168190375707
"Degree 2 vs 3",8,1057,2.50165011075689,349,2.85611251276618,0.875893403910062,0.69939879759519,0.176494606314871
"Degree 2 vs 3",9,1058,2.53468868846273,344,2.9200964691627,0.86801539443302,0.68937875751503,0.178636636917989
"Degree 2 vs 3",10,1059,2.5123383660651,344,2.90504615940804,0.864818742355903,0.68937875751503,0.175439984840873
"Degree 2 vs 3",11,1060,2.49200520994667,344,2.86886921388549,0.868636742966609,0.68937875751503,0.179257985451579
"Degree 2 vs 3",12,1061,2.42133069035266,326,2.88119354173584,0.840391544434004,0.653306613226453,0.187084931207551
"Degree 2 vs 3",13,1062,2.5377209306594,349,2.91375139598071,0.870946277077717,0.69939879759519,0.171547479482527
"Degree 2 vs 3",14,1063,2.47414104506639,344,2.88026657984629,0.858997240872899,0.68937875751503,0.169618483357869
"Degree 2 vs 3",15,1064,2.50969455263979,338,2.93862978710894,0.854035633766872,0.677354709418838,0.176680924348035
"Degree 2 vs 3",16,1065,2.57447726413101,348,2.94584848470997,0.873934038866387,0.697394789579158,0.176539249287228
"Degree 2 vs 3",17,1066,2.4714016644226,335,2.88495896818808,0.856650542234499,0.671342685370741,0.185307856863758
"Degree 2 vs 3",18,1067,2.51155666417659,339,2.89083610671979,0.868799396250252,0.67935871743487,0.189440678815383
"Degree 2 vs 3",19,1068,2.51451068074468,344,2.88812259331507,0.87063848555627,0.68937875751503,0.181259728041239
"Degree 2 vs 3",20,1069,2.48494309490514,334,2.89074308073289,0.859620874462191,0.669338677354709,0.190282197107481
"Degree 2 vs 3",21,1070,2.45582005130125,338,2.8387425202576,0.865108418173269,0.677354709418838,0.187753708754431
"Degree 2 vs 3",22,1071,2.47703339419692,341,2.89210660013686,0.856480668478714,0.683366733466934,0.17311393501178
"Degree 2 vs 3",23,1072,2.50944827884164,344,2.89169210937422,0.867813094868076,0.68937875751503,0.178434337353045
"Degree 2 vs 3",24,1073,2.51159968441355,351,2.8667570622984,0.876111798046775,0.703406813627255,0.172704984419521
"Degree 2 vs 3",25,1074,2.4973899482697,344,2.87231530573977,0.869469289558549,0.68937875751503,0.180090532043518
"Degree 2 vs 3",26,1075,2.47889752964326,338,2.88005341105534,0.860712346558504,0.677354709418838,0.183357637139666
"Degree 2 vs 3",27,1076,2.49643688731895,352,2.87530400260709,0.86823406674751,0.705410821643287,0.162823245104223
"Degree 2 vs 3",28,1077,2.44010990137969,341,2.8702807784294,0.850129339163431,0.683366733466934,0.166762605696497
"Degree 2 vs 3",29,1078,2.4858167830314,346,2.88625188561016,0.861261207112521,0.693386773547094,0.167874433565427
"Degree 2 vs 3",30,1079,2.49463176184121,345,2.86420931640019,0.870966988186649,0.691382765531062,0.179584222655586
"Degree 2 vs 3",31,1080,2.51405853074504,347,2.88793211893597,0.870539343449432,0.695390781563126,0.175148561886305
"Degree 2 vs 3",32,1081,2.47032367686562,332,2.87068423961028,0.860534796122677,0.665330661322645,0.195204134800032
"Degree 2 vs 3",33,1082,2.47216115348283,346,2.86501151172956,0.862880007065111,0.693386773547094,0.169493233518016
"Degree 2 vs 3",34,1083,2.47725668770652,348,2.87658041587538,0.86118110032139,0.697394789579158,0.163786310742231
"Degree 2 vs 3",35,1084,2.46817691785953,328,2.89929607003272,0.8513021292895,0.657314629258517,0.193987500030983
"Degree 2 vs 3",36,1085,2.46665735445082,337,2.85909179219569,0.862741574504159,0.675350701402806,0.187390873101353
"Degree 2 vs 3",37,1086,2.48085359333049,340,2.89573131621609,0.856727825346817,0.681362725450902,0.175365099895915
"Degree 2 vs 3",38,1087,2.51925724116568,349,2.8820721627222,0.87411317237323,0.69939879759519,0.174714374778039
"Degree 2 vs 3",39,1088,2.52229580472993,342,2.9294188341631,0.861022594418637,0.685370741482966,0.175651852935671
"Degree 2 vs 3",40,1089,2.43000041739947,339,2.80512300079082,0.866272322716119,0.67935871743487,0.186913605281249
"Degree 2 vs 3",41,1090,2.51289818786613,337,2.89244472234561,0.868780021430561,0.675350701402806,0.193429320027755
"Degree 2 vs 3",42,1091,2.52192386979428,345,2.86749243898277,0.879487539534339,0.691382765531062,0.188104774003277
"Degree 2 vs 3",43,1092,2.4813997911688,337,2.89916285353282,0.855902174707105,0.675350701402806,0.180551473304299
"Degree 2 vs 3",44,1093,2.49345288532789,346,2.89670776339579,0.86078855341791,0.693386773547094,0.167401779870816
"Degree 2 vs 3",45,1094,2.48733931548202,349,2.86613663535508,0.867836963806813,0.69939879759519,0.168438166211622
"Degree 2 vs 3",46,1095,2.4176483353371,338,2.83720994713598,0.852121760597093,0.677354709418838,0.174767051178255
"Degree 2 vs 3",47,1096,2.45363436399619,328,2.88153104773345,0.851503705270212,0.657314629258517,0.194189076011695
"Degree 2 vs 3",48,1097,2.45290698947309,333,2.8634052817521,0.856639821510763,0.667334669338677,0.189305152172086
"Degree 2 vs 3",49,1098,2.45829121072983,337,2.87752864348611,0.854306425861195,0.675350701402806,0.178955724458389
"Degree 2 vs 3",50,1099,2.49886223152294,342,2.85822598758378,0.874270348943041,0.685370741482966,0.188899607460075
"Degree 2 vs 3",51,1100,2.46054662040822,343,2.83246873204015,0.868693303680694,0.687374749498998,0.181318554181696
"Degree 2 vs 3",52,1101,2.50542113149942,329,2.88249821009705,0.869183933132454,0.659318637274549,0.209865295857905
"Degree 2 vs 3",53,1102,2.48531753852283,342,2.90153919067454,0.85655142846616,0.685370741482966,0.171180686983194
"Degree 2 vs 3",54,1103,2.43737744018518,335,2.8473023447328,0.856030426376765,0.671342685370741,0.184687741006023
"Degree 2 vs 3",55,1104,2.50746093526595,339,2.88098861646598,0.87034739427113,0.67935871743487,0.19098867683626
"Degree 2 vs 3",56,1105,2.45451614062671,342,2.86235318187473,0.857516869745298,0.685370741482966,0.172146128262332
"Degree 2 vs 3",57,1106,2.52303771535422,353,2.8746388378217,0.87768859244457,0.707414829659319,0.170273762785252
"Degree 2 vs 3",58,1107,2.48978182489789,364,2.80334319172303,0.888147349296746,0.729458917835671,0.158688431461075
"Degree 2 vs 3",59,1108,2.4462876704911,333,2.85337154648927,0.857332327961622,0.667334669338677,0.189997658622944
"Degree 2 vs 3",60,1109,2.48275154639633,350,2.84016701212568,0.874156884365105,0.701402805611222,0.172754078753882
"Degree 2 vs 3",61,1110,2.47618820320126,331,2.87509006463304,0.861255872872042,0.663326653306613,0.197929219565429
"Degree 2 vs 3",62,1111,2.48829640771029,333,2.88698233316992,0.861902194246588,0.667334669338677,0.194567524907911
"Degree 2 vs 3",63,1112,2.52244199989198,349,2.86937905741531,0.87908984815835,0.69939879759519,0.179691050563159
"Degree 2 vs 3",64,1113,2.48105527366911,341,2.87241224065517,0.863753203162512,0.683366733466934,0.180386469695578
"Degree 2 vs 3",65,1114,2.54026856200959,345,2.92417513347878,0.868712866382776,0.691382765531062,0.177330100851714
"Degree 2 vs 3",66,1115,2.49183143055894,343,2.89806128434816,0.859827031269772,0.687374749498998,0.172452281770774
"Degree 2 vs 3",67,1116,2.48522659712869,343,2.85224896712403,0.871321762501885,0.687374749498998,0.183947013002887
"Degree 2 vs 3",68,1117,2.42535007721727,336,2.80443250753438,0.864827401159175,0.673346693386774,0.191480707772402
"Degree 2 vs 3",69,1118,2.57067828127508,347,2.94056027549481,0.87421376895344,0.695390781563126,0.178822987390314
"Degree 2 vs 3",70,1119,2.49778421211027,356,2.82842284489368,0.883101413432459,0.713426853707415,0.169674559725044
"Degree 2 vs 3",71,1120,2.47436146469991,347,2.88750381137476,0.856920588278584,0.695390781563126,0.161529806715458
"Degree 2 vs 3",72,1121,2.43659128023503,324,2.89554964321221,0.841495253223139,0.649298597194389,0.19219665602875
"Degree 2 vs 3",73,1122,2.5316732948358,337,2.93500767215639,0.862578084157356,0.675350701402806,0.187227382754551
"Degree 2 vs 3",74,1123,2.47206314335497,341,2.85674406016852,0.865342883817581,0.683366733466934,0.181976150350647
"Degree 2 vs 3",75,1124,2.43212330717677,328,2.84905136551105,0.853660743578943,0.657314629258517,0.196346114320426
"Degree 2 vs 3",76,1125,2.4691616743322,336,2.89416260472323,0.853152366181001,0.673346693386774,0.179805672794228
"Degree 2 vs 3",77,1126,2.48565527854059,350,2.85131529355961,0.871757425127643,0.701402805611222,0.170354619516421
"Degree 2 vs 3",78,1127,2.48571283454944,352,2.85244527246585,0.871432261485817,0.705410821643287,0.16602143984253
"Degree 2 vs 3",79,1128,2.45342498280009,337,2.8318636454744,0.86636409444392,0.675350701402806,0.191013393041114
"Degree 2 vs 3",80,1129,2.47880760955083,342,2.84691784002279,0.870698681466336,0.685370741482966,0.18532793998337
"Degree 2 vs 3",81,1130,2.45120602216454,339,2.84486170725178,0.861625721881743,0.67935871743487,0.182267004446873
"Degree 2 vs 3",82,1131,2.50431028140383,347,2.85850767408114,0.87609010257733,0.695390781563126,0.180699321014204
"Degree 2 vs 3",83,1132,2.4760713782738,343,2.84784723408711,0.869453722319312,0.687374749498998,0.182078972820314
"Degree 2 vs 3",84,1133,2.48390444365227,349,2.86358796225363,0.86740986356761,0.69939879759519,0.16801106597242
"Degree 2 vs 3",85,1134,2.46799749751338,344,2.85184871147426,0.865402672863932,0.68937875751503,0.176023915348902
"Degree 2 vs 3",86,1135,2.48591214689637,347,2.85623387784469,0.870346145733779,0.695390781563126,0.174955364170652
"Degree 2 vs 3",87,1136,2.4698646120064,338,2.86025761926661,0.863511242962685,0.677354709418838,0.186156533543847
"Degree 2 vs 3",88,1137,2.41912670612314,329,2.86746799836702,0.843645581223854,0.659318637274549,0.184326943949305
"Degree 2 vs 3",89,1138,2.48686573849525,337,2.88381842838744,0.862351704953159,0.675350701402806,0.187001003550353
"Degree 2 vs 3",90,1139,2.47783615047975,331,2.89512995212594,0.855863533400371,0.663326653306613,0.192536880093758
"Degree 2 vs 3",91,1140,2.52052965735356,358,2.82096406944698,0.893499383651377,0.717434869739479,0.176064513911898
"Degree 2 vs 3",92,1141,2.47214351694483,337,2.89566697677715,0.853738892203794,0.675350701402806,0.178388190800989
"Degree 2 vs 3",93,1142,2.51285616792161,346,2.90995311166232,0.863538370378119,0.693386773547094,0.170151596831024
"Degree 2 vs 3",94,1143,2.48819806434948,355,2.82980875310405,0.879281351299855,0.711422845691383,0.167858505608472
"Degree 2 vs 3",95,1144,2.51646290203682,361,2.82977366622391,0.889280627660524,0.723446893787575,0.165833733872949
"Degree 2 vs 3",96,1145,2.51802688819712,348,2.86062128300644,0.880237766234734,0.697394789579158,0.182842976655576
"Degree 2 vs 3",97,1146,2.50284942563871,336,2.95405423118586,0.847259132623974,0.673346693386774,0.1739124392372
"Degree 2 vs 3",98,1147,2.46986213574295,360,2.8179349710695,0.876479464962797,0.721442885771543,0.155036579191254
"Degree 2 vs 3",99,1148,2.47409214767167,344,2.87117306724161,0.861700806509924,0.68937875751503,0.172322048994894
"Degree 2 vs 3",100,1149,2.5065439549646,343,2.86062643310877,0.876222049112727,0.687374749498998,0.188847299613729
"Sine wave",1,1050,4.51187206347731,478,4.59224203310492,0.982498751361922,0.957915831663327,0.0245829196985952
"Sine wave",2,1051,4.50965867582732,479,4.59660967040931,0.981083668003892,0.959919839679359,0.0211638283245336
"Sine wave",3,1052,4.50058023886297,477,4.58793359553144,0.9809601959467,0.955911823647295,0.0250483722994054
"Sine wave",4,1053,4.50087866602712,470,4.60413829887277,0.977572430248036,0.94188376753507,0.035688662712966
"Sine wave",5,1054,4.4337070705952,473,4.52486650466543,0.979853674362275,0.947895791583166,0.0319578827791083
"Sine wave",6,1055,4.48244331442741,482,4.53580869621596,0.988234648909891,0.965931863727455,0.0223027851824364
"Sine wave",7,1056,4.48031481459261,473,4.57425496623606,0.979463289139575,0.947895791583166,0.0315674975564091
"Sine wave",8,1057,4.45277077925613,478,4.52973186040593,0.983009793179478,0.957915831663327,0.0250939615161512
"Sine wave",9,1058,4.49477696243965,483,4.54850086341157,0.988188657629136,0.967935871743487,0.0202527858856495
"Sine wave",10,1059,4.49814482112428,479,4.56818883802519,0.984667004936866,0.959919839679359,0.0247471652575072
"Sine wave",11,1060,4.47367821244606,471,4.58382712317705,0.975970099270533,0.943887775551102,0.0320823237194305
"Sine wave",12,1061,4.47304130487607,471,4.58261704085164,0.976088829810834,0.943887775551102,0.0322010542597317
"Sine wave",13,1062,4.49010082845508,477,4.56800606826372,0.982945460526008,0.955911823647295,0.0270336368787137
"Sine wave",14,1063,4.46933906809313,470,4.5870099836044,0.974346924045975,0.94188376753507,0.0324631565109045
"Sine wave",15,1064,4.47498268601994,479,4.55087140423551,0.98332435450825,0.959919839679359,0.0234045148288917
"Sine wave",16,1065,4.48072137802451,475,4.58306556396437,0.977669054803717,0.95190380761523,0.0257652471884862
"Sine wave",17,1066,4.47153464583884,473,4.56554353561492,0.979409047566246,0.947895791583166,0.0315132559830793
"Sine wave",18,1067,4.5222335809092,482,4.57563807424364,0.988328514522365,0.965931863727455,0.0223966507949105
"Sine wave",19,1068,4.46430332099224,474,4.55088065605573,0.980975696440581,0.949899799599198,0.0310758968413829
"Sine wave",20,1069,4.48956124080183,478,4.56770716985109,0.982891650856023,0.957915831663327,0.0249758191926965
"Sine wave",21,1070,4.46575668918535,475,4.54592203422361,0.982365437762737,0.95190380761523,0.0304616301475067
"Sine wave",22,1071,4.5145086177235,478,4.58780334052357,0.984024005093534,0.957915831663327,0.0261081734302071
"Sine wave",23,1072,4.45839977304808,472,4.54388788896367,0.981186130026838,0.945891783567134,0.0352943464597038
"Sine wave",24,1073,4.44354815336614,473,4.5262525426664,0.98172784471908,0.947895791583166,0.0338320531359132
"Sine wave",25,1074,4.4821881456098,471,4.59542695228087,0.975358370865874,0.943887775551102,0.0314705953147714
"Sine wave",26,1075,4.45925813684033,472,4.55699904073801,0.978551475867361,0.945891783567134,0.0326596923002265
"Sine wave",27,1076,4.4633456804408,471,4.56685753997571,0.977334116812529,0.943887775551102,0.0334463412614266
"Sine wave",28,1077,4.43025959658384,477,4.52278600807397,0.979542164646976,0.955911823647295,0.0236303409996816
"Sine wave",29,1078,4.45243609992768,472,4.54390506531245,0.979869965575859,0.945891783567134,0.0339781820087252
"Sine wave",30,1079,4.47687112930709,476,4.55622292235929,0.982583865099579,0.953907815631262,0.0286760494683164
"Sine wave",31,1080,4.45843403435465,474,4.53864818477584,0.982326422503894,0.949899799599198,0.0324266229046956
"Sine wave",32,1081,4.4426861168318,469,4.54608419949768,0.977255572460074,0.939879759519038,0.0373758129410358
"Sine wave",33,1082,4.46665596503662,479,4.52134647968939,0.98790393195955,0.959919839679359,0.0279840922801912
"Sine wave",34,1083,4.44878902774185,479,4.5178312515309,0.98471783916992,0.959919839679359,0.0247979994905617
"Sine wave",35,1084,4.47133282356345,477,4.53647170912363,0.98564106871224,0.955911823647295,0.0297292450649458
"Sine wave",36,1085,4.45423804723036,472,4.53883246423382,0.981362075452207,0.945891783567134,0.0354702918850731
"Sine wave",37,1086,4.44901219589321,474,4.52939319737783,0.982253472378783,0.949899799599198,0.0323536727795849
"Sine wave",38,1087,4.46334765421018,474,4.55047548615728,0.980853026851339,0.949899799599198,0.0309532272521406
"Sine wave",39,1088,4.42286730585013,468,4.53455578615995,0.975369477060859,0.937875751503006,0.0374937255578532
"Sine wave",40,1089,4.42964501550075,473,4.51274861802505,0.981584703789534,0.947895791583166,0.0336889122063678
"Sine wave",41,1090,4.4887775481177,475,4.57758485817098,0.980599527304281,0.95190380761523,0.0286957196890503
"Sine wave",42,1091,4.44403305587518,469,4.54745514757635,0.97725714969255,0.939879759519038,0.0373773901735124
"Sine wave",43,1092,4.50038991881529,475,4.58469328030403,0.981611995321277,0.95190380761523,0.0297081877060466
"Sine wave",44,1093,4.45261105585594,473,4.55988757259383,0.976473868043884,0.947895791583166,0.028578076460718
"Sine wave",45,1094,4.45502440293623,470,4.54581246591214,0.98002819877487,0.94188376753507,0.0381444312397995
"Sine wave",46,1095,4.43371790147086,471,4.54358505480486,0.975819281028356,0.943887775551102,0.0319315054772534
"Sine wave",47,1096,4.43797596456939,475,4.54022030196161,0.977480313598871,0.95190380761523,0.0255765059836405
"Sine wave",48,1097,4.49025487894854,480,4.55008513567573,0.986850739064621,0.961923847695391,0.0249268913692307
"Sine wave",49,1098,4.48127938363673,481,4.55512959430263,0.983787462214409,0.963927855711423,0.0198596065029865
"Sine wave",50,1099,4.47406806458672,475,4.57424047149437,0.978100756282512,0.95190380761523,0.0261969486672816
"Sine wave",51,1100,4.42529563674464,476,4.49684103605872,0.98408985357935,0.953907815631262,0.0301820379480872
"Sine wave",52,1101,4.4661782264446,474,4.55377062116497,0.980764864546917,0.949899799599198,0.030865064947719
"Sine wave",53,1102,4.46470003204326,477,4.54487162981367,0.982359986309733,0.955911823647295,0.0264481626624385
"Sine wave",54,1103,4.48226086886265,477,4.56045651796463,0.982853547930137,0.955911823647295,0.026941724282842
"Sine wave",55,1104,4.49158189581782,481,4.55304554599807,0.98650054132793,0.963927855711423,0.0225726856165077
"Sine wave",56,1105,4.40022603386834,468,4.51960224370548,0.973587009785343,0.937875751503006,0.0357112582823368
"Sine wave",57,1106,4.47796761373986,473,4.56236932494255,0.981500464957699,0.947895791583166,0.0336046733745328
"Sine wave",58,1107,4.4349330665291,479,4.5065315510267,0.984112285981603,0.959919839679359,0.0241924463022446
"Sine wave",59,1108,4.45972254589653,472,4.55395957945853,0.979306572243839,0.945891783567134,0.0334147886767048
"Sine wave",60,1109,4.46204283600921,473,4.55783870856349,0.9789821714458,0.947895791583166,0.0310863798626335
"Sine wave",61,1110,4.48777039366706,478,4.55927737956361,0.984316158034808,0.957915831663327,0.0264003263714812
"Sine wave",62,1111,4.47561176210444,479,4.55138749609413,0.983351069524465,0.959919839679359,0.0234312298451067
"Sine wave",63,1112,4.44278372238299,471,4.55187593417401,0.9760335709126,0.943887775551102,0.0321457953614978
"Sine wave",64,1113,4.45915146608117,470,4.55978114829251,0.97793102806063,0.94188376753507,0.0360472605255594
"Sine wave",65,1114,4.48223967782606,475,4.56866825772869,0.981082325302035,0.95190380761523,0.029178517686805
"Sine wave",66,1115,4.51974831955432,476,4.59731054952694,0.983128781678541,0.953907815631262,0.0292209660472789
"Sine wave",67,1116,4.42627214128536,475,4.51703968871621,0.97990552359821,0.95190380761523,0.0280017159829794
"Sine wave",68,1117,4.47447567334062,475,4.55475697300232,0.982374185903319,0.95190380761523,0.0304703782880886
"Sine wave",69,1118,4.49175154193407,474,4.58402240144652,0.979871202312769,0.949899799599198,0.0299714027135705
"Sine wave",70,1119,4.47915447799679,479,4.54797396920113,0.984868099142524,0.959919839679359,0.0249482594631656
"Sine wave",71,1120,4.48791903505053,480,4.53606147281487,0.989386731627675,0.961923847695391,0.0274628839322845
"Sine wave",72,1121,4.47672026714997,476,4.56077493292207,0.981570091265555,0.953907815631262,0.027662275634292
"Sine wave",73,1122,4.48377709333264,474,4.57980496747248,0.979032322375764,0.949899799599198,0.029132522776566
"Sine wave",74,1123,4.44032815313936,469,4.55338349017031,0.975171136524079,0.939879759519038,0.0352913770050406
"Sine wave",75,1124,4.46547786719652,470,4.57438396106268,0.976192183517349,0.94188376753507,0.0343084159822791
"Sine wave",76,1125,4.492769281883,482,4.5745416551038,0.982124466364938,0.965931863727455,0.0161926026374836
"Sine wave",77,1126,4.47099800131632,472,4.56028765684499,0.980420170338456,0.945891783567134,0.0345283867713215
"Sine wave",78,1127,4.46573528551557,471,4.55436054446189,0.980540570277403,0.943887775551102,0.0366527947263009
"Sine wave",79,1128,4.46248937456104,474,4.54864174540045,0.981059759009043,0.949899799599198,0.0311599594098448
"Sine wave",80,1129,4.46575048491506,473,4.55493956517112,0.980419261555512,0.947895791583166,0.0325234699723459
"Sine wave",81,1130,4.44713093061524,471,4.55559058359267,0.976191966554663,0.943887775551102,0.032304191003561
"Sine wave",82,1131,4.46778192994568,475,4.56008461610699,0.979758558462868,0.95190380761523,0.0278547508476379
"Sine wave",83,1132,4.45885361964616,473,4.56353119890465,0.977062153254564,0.947895791583166,0.0291663616713981
"Sine wave",84,1133,4.50286010923895,480,4.57259537564725,0.984749303037024,0.961923847695391,0.0228254553416335
"Sine wave",85,1134,4.43099240031656,475,4.51583615298301,0.981211950612867,0.95190380761523,0.0293081429976363
"Sine wave",86,1135,4.48654816073747,472,4.58649837356259,0.978207729582715,0.945891783567134,0.0323159460155804
"Sine wave",87,1136,4.4602597489433,478,4.52810172715925,0.985017567558379,0.957915831663327,0.0271017358950528
"Sine wave",88,1137,4.51210607988856,475,4.59751428556015,0.981422960241833,0.95190380761523,0.0295191526266023
"Sine wave",89,1138,4.45650570614553,473,4.53196515857241,0.983349507380005,0.947895791583166,0.0354537157968384
"Sine wave",90,1139,4.44828821866313,473,4.53312733689489,0.981284638191991,0.947895791583166,0.0333888466088249
"Sine wave",91,1140,4.46767220173534,469,4.56843395785429,0.977943917533115,0.939879759519038,0.0380641580140771
"Sine wave",92,1141,4.46385255001713,479,4.54051958467536,0.98311492038995,0.959919839679359,0.0231950807105908
"Sine wave",93,1142,4.46498523897192,474,4.54581082065752,0.98221976565362,0.949899799599198,0.0323199660544216
"Sine wave",94,1143,4.45039464988973,476,4.51776596602332,0.985087470966786,0.953907815631262,0.0311796553355232
"Sine wave",95,1144,4.42707198267227,471,4.53798655813333,0.975558637285457,0.943887775551102,0.0316708617343548
"Sine wave",96,1145,4.47263251527914,479,4.54333768859475,0.98443761433514,0.959919839679359,0.0245177746557818
"Sine wave",97,1146,4.52435408561514,474,4.6083792494314,0.981766873065703,0.949899799599198,0.031867073466505
"Sine wave",98,1147,4.47980270938129,475,4.5724748989966,0.979732597408978,0.95190380761523,0.0278287897937471
"Sine wave",99,1148,4.47781239920601,468,4.59168345370914,0.975200586963121,0.937875751503006,0.0373248354601152
"Sine wave",100,1149,4.48095541623555,477,4.56423222643064,0.981754475656857,0.955911823647295,0.0258426520095626
